/*
Navicat MySQL Data Transfer

Source Server         : localhost_3306
Source Server Version : 50634
Source Host           : localhost:3306
Source Database       : activiti

Target Server Type    : MYSQL
Target Server Version : 50634
File Encoding         : 65001

Date: 2017-07-10 21:39:59
*/

SET FOREIGN_KEY_CHECKS=0;

-- ----------------------------
-- Table structure for act_delegate
-- ----------------------------
DROP TABLE IF EXISTS `act_delegate`;
CREATE TABLE `act_delegate` (
  `id` int(11) NOT NULL AUTO_INCREMENT,
  `owner` varchar(64) NOT NULL,
  `assign` varchar(64) NOT NULL,
  `process_id` varchar(64) NOT NULL,
  `process_name` varchar(255) DEFAULT NULL,
  `start_date` datetime NOT NULL,
  `end_date` datetime NOT NULL,
  `create_date` datetime NOT NULL,
  `update_date` datetime NOT NULL,
  `remarks` varchar(50) DEFAULT NULL COMMENT '备注',
  `canceled` tinyint(1) DEFAULT '0',
  `cancel_date` datetime DEFAULT NULL,
  PRIMARY KEY (`id`)
) ENGINE=InnoDB AUTO_INCREMENT=2 DEFAULT CHARSET=utf8;

-- ----------------------------
-- Records of act_delegate
-- ----------------------------
INSERT INTO `act_delegate` VALUES ('1', 'tangyong', 'uchoice', 'leave-formkey:9:37534', '请假流程-外部表单', '2017-06-27 15:38:47', '2017-07-19 15:38:50', '2017-06-28 15:38:58', '2017-06-28 15:38:58', '哈哈哈', '0', null);

-- ----------------------------
-- Table structure for act_evt_log
-- ----------------------------
DROP TABLE IF EXISTS `act_evt_log`;
CREATE TABLE `act_evt_log` (
  `LOG_NR_` bigint(20) NOT NULL AUTO_INCREMENT,
  `TYPE_` varchar(64) COLLATE utf8_bin DEFAULT NULL,
  `PROC_DEF_ID_` varchar(64) COLLATE utf8_bin DEFAULT NULL,
  `PROC_INST_ID_` varchar(64) COLLATE utf8_bin DEFAULT NULL,
  `EXECUTION_ID_` varchar(64) COLLATE utf8_bin DEFAULT NULL,
  `TASK_ID_` varchar(64) COLLATE utf8_bin DEFAULT NULL,
  `TIME_STAMP_` timestamp(3) NOT NULL DEFAULT CURRENT_TIMESTAMP(3) ON UPDATE CURRENT_TIMESTAMP(3),
  `USER_ID_` varchar(255) COLLATE utf8_bin DEFAULT NULL,
  `DATA_` longblob,
  `LOCK_OWNER_` varchar(255) COLLATE utf8_bin DEFAULT NULL,
  `LOCK_TIME_` timestamp(3) NULL DEFAULT NULL,
  `IS_PROCESSED_` tinyint(4) DEFAULT '0',
  PRIMARY KEY (`LOG_NR_`)
) ENGINE=InnoDB DEFAULT CHARSET=utf8 COLLATE=utf8_bin;

-- ----------------------------
-- Records of act_evt_log
-- ----------------------------

-- ----------------------------
-- Table structure for act_form
-- ----------------------------
DROP TABLE IF EXISTS `act_form`;
CREATE TABLE `act_form` (
  `id` int(11) NOT NULL AUTO_INCREMENT COMMENT '表单ID',
  `name` varchar(40) NOT NULL COMMENT '表单名称',
  `content` mediumtext NOT NULL COMMENT '表单内容',
  `remarks` varchar(40) DEFAULT NULL COMMENT '表单描述',
  `create_by` varchar(50) NOT NULL COMMENT '创建用户',
  `create_date` datetime NOT NULL COMMENT '创建时间',
  `update_by` varchar(50) NOT NULL COMMENT '最近修改用户',
  `update_date` datetime NOT NULL COMMENT '最近修改时间',
  PRIMARY KEY (`id`),
  UNIQUE KEY `name` (`name`),
  KEY `create_date` (`create_date`),
  KEY `update_date` (`update_date`)
) ENGINE=InnoDB AUTO_INCREMENT=9 DEFAULT CHARSET=utf8 COMMENT='流程表单管理';

-- ----------------------------
-- Records of act_form
-- ----------------------------
INSERT INTO `act_form` VALUES ('4', 'start.form', '<div class=\"span8\"><table class=\"table table-bordered table-hover table-condensed\" border=\"1\"><tbody><tr class=\"firstRow\"><td>请假类型：</td><td><select id=\"leaveType\" name=\"fp_leaveType\"><option>公休</option><option>病假</option><option>调休</option><option>事假</option><option>婚假</option></select></td></tr><tr><td>开始时间：</td><td><input id=\"startTime\" name=\"fp_startTime\" class=\"datetime required\" type=\"text\"/></td></tr><tr><td>结束时间：</td><td><input id=\"endTime\" name=\"fp_endTime\" class=\"datetime required\" type=\"text\"/></td></tr><tr><td>请假原因：</td><td><textarea id=\"reason\" name=\"fp_reason\"></textarea></td></tr></tbody></table></div>', '请假表单', 'uchoice', '2017-06-18 19:49:09', 'uchoice', '2017-06-19 22:37:01');
INSERT INTO `act_form` VALUES ('5', 'dept-leader-audit.form', '<div class=\"span8\"><table class=\"table table-bordered table-hover table-condensed\"><tbody><tr class=\"firstRow\"><td width=\"100\">申请人：</td><td name=\"userId\">${applyUserId}</td></tr><tr><td>假种：</td><td name=\"leaveType\">${leaveType}</td></tr><tr><td>请假<span style=\"color:red\">开始</span>时间：</td><td name=\"startTime\">${startTime}</td></tr><tr><td>请假<span style=\"color:red\">结束</span>时间：</td><td name=\"endTime\">${endTime}</td></tr><tr><td>请假事由：</td><td name=\"reason\">${reason}</td></tr><tr><td>是否同意申请：</td><td><select id=\"deptLeaderPass\" name=\"fp_deptLeaderPass\"><option value=\"true\">同意</option><option value=\"false\">驳回</option></select></td></tr><tr id=\"leaderBackReasonTr\"><td>驳回理由：</td><td><textarea id=\"leaderBackReason\" name=\"fp_leaderBackReason\"></textarea></td></tr></tbody></table></div>', '请假表单', 'uchoice', '2017-06-18 19:50:05', 'uchoice', '2017-06-19 22:41:43');
INSERT INTO `act_form` VALUES ('6', 'hr-audit.form', '<div class=\"span8\"><table class=\"table table-bordered table-hover table-condensed\"><tbody><tr class=\"firstRow\"><td width=\"100\">申请人：</td><td name=\"userId\">${applyUserId}</td></tr><tr><td>假种：</td><td name=\"leaveType\">${leaveType}</td></tr><tr><td>请假<span style=\"color:red\">开始</span>时间：</td><td name=\"startTime\">${startTime}</td></tr><tr><td>请假<span style=\"color:red\">结束</span>时间：</td><td name=\"endTime\">${endTime}</td></tr><tr><td>请假事由：</td><td name=\"reason\">${reason}</td></tr><tr><td>是否同意申请：</td><td><select id=\"hrPass\" name=\"fp_hrPass\"><option value=\"true\">同意</option><option value=\"false\">驳回</option></select></td></tr><tr id=\"hrBackReasonTr\"><td>驳回理由：</td><td><textarea id=\"hrBackReason\" name=\"fp_hrBackReason\"></textarea></td></tr></tbody></table></div>', '请假表单', 'uchoice', '2017-06-18 19:51:43', 'uchoice', '2017-06-19 22:43:32');
INSERT INTO `act_form` VALUES ('7', 'modify-apply.form', '<div class=\"span8\"><h2 id=\"error\" class=\"alert alert-error\">申请被驳回！！！</h2><table class=\"table table-bordered table-hover table-condensed\" border=\"1\"><tbody><tr class=\"firstRow\"><td>请假类型：</td><td><select id=\"leaveType\" name=\"fp_leaveType\"><option>公休</option><option>病假</option><option>调休</option><option>事假</option><option>婚假</option></select></td></tr><tr><td>开始时间：</td><td><input id=\"startTime\" value=\"${startTime}\" name=\"fp_startTime\" class=\"datetime required\" type=\"text\"/></td></tr><tr><td>结束时间：</td><td><input id=\"endTime\" value=\"${endTime}\" name=\"fp_endTime\" class=\"datetime required\" type=\"text\"/></td></tr><tr><td>请假原因：</td><td><textarea id=\"reason\" name=\"fp_reason\">${reason}</textarea></td></tr><tr><td>是否继续申请：</td><td><select id=\"reApply\" name=\"fp_reApply\"><option value=\"true\">重新申请</option><option value=\"false\">结束流程</option></select></td></tr></tbody></table></div>', '请假表单', 'uchoice', '2017-06-18 19:52:35', 'uchoice', '2017-06-19 22:38:54');
INSERT INTO `act_form` VALUES ('8', 'report-back.form', '<div class=\"span8\"><table class=\"table table-bordered table-hover table-condensed\"><tbody><tr class=\"firstRow\"><td width=\"100\">申请人：</td><td name=\"userId\">${applyUserId}</td></tr><tr><td>假种：</td><td name=\"leaveType\">${leaveType}</td></tr><tr><td>请假<span style=\"color:red\">开始</span>时间：</td><td name=\"startTime\">${startTime}</td></tr><tr><td>请假<span style=\"color:red\">结束</span>时间：</td><td name=\"endTime\">${endTime}</td></tr><tr><td>请假事由：</td><td name=\"reason\">${reason}</td></tr><tr><td>开始时间：</td><td><input id=\"startTime\" name=\"fp_startTime\" class=\"datetime\" type=\"text\"/></td></tr><tr><td>结束时间：</td><td><input id=\"endTime\" name=\"fp_endTime\" class=\"datetime\" type=\"text\"/></td></tr></tbody></table></div>', '请假表单', 'uchoice', '2017-06-18 19:53:11', 'uchoice', '2017-06-19 22:42:47');

-- ----------------------------
-- Table structure for act_ge_bytearray
-- ----------------------------
DROP TABLE IF EXISTS `act_ge_bytearray`;
CREATE TABLE `act_ge_bytearray` (
  `ID_` varchar(64) COLLATE utf8_bin NOT NULL DEFAULT '',
  `REV_` int(11) DEFAULT NULL,
  `NAME_` varchar(255) COLLATE utf8_bin DEFAULT NULL,
  `DEPLOYMENT_ID_` varchar(64) COLLATE utf8_bin DEFAULT NULL,
  `BYTES_` longblob,
  `GENERATED_` tinyint(4) DEFAULT NULL,
  PRIMARY KEY (`ID_`),
  KEY `ACT_FK_BYTEARR_DEPL` (`DEPLOYMENT_ID_`),
  CONSTRAINT `ACT_FK_BYTEARR_DEPL` FOREIGN KEY (`DEPLOYMENT_ID_`) REFERENCES `act_re_deployment` (`ID_`)
) ENGINE=InnoDB DEFAULT CHARSET=utf8 COLLATE=utf8_bin;

-- ----------------------------
-- Records of act_ge_bytearray
-- ----------------------------
INSERT INTO `act_ge_bytearray` VALUES ('10002', '9', 'source', null, 0x7B227265736F757263654964223A223130303031222C2270726F70657274696573223A7B2270726F636573735F6964223A226C656176652D666F726D6B6579222C226E616D65223A22E8AFB7E58187E6B581E7A88B222C22646F63756D656E746174696F6E223A22E8AFB7E58187E6B581E7A88BE6BC94E7A4BA222C2270726F636573735F617574686F72223A22222C2270726F636573735F76657273696F6E223A22222C2270726F636573735F6E616D657370616365223A22687474703A2F2F7777772E61637469766974692E6F72672F70726F63657373646566222C22657865637574696F6E6C697374656E657273223A22222C226576656E746C697374656E657273223A22222C227369676E616C646566696E6974696F6E73223A22222C226D657373616765646566696E6974696F6E73223A22222C22636F6E646974696F6E73657175656E6365666C6F77223A22247B72654170706C79203D3D202774727565277D227D2C227374656E63696C223A7B226964223A2242504D4E4469616772616D227D2C226368696C64536861706573223A5B7B227265736F757263654964223A227369642D34383344423938432D324541372D344143462D393434432D414443443541434135303638222C2270726F70657274696573223A7B226F766572726964656964223A2273746172744576656E74222C226E616D65223A227374617274222C22646F63756D656E746174696F6E223A22222C22657865637574696F6E6C697374656E657273223A22222C22696E69746961746F72223A226170706C79557365724964222C22666F726D6B6579646566696E6974696F6E223A2273746172742E666F726D222C22666F726D70726F70657274696573223A22227D2C227374656E63696C223A7B226964223A2253746172744E6F6E654576656E74227D2C226368696C64536861706573223A5B5D2C226F7574676F696E67223A5B7B227265736F757263654964223A227369642D34463035413546412D314344462D343935462D414432422D323630424333363437393144227D5D2C22626F756E6473223A7B226C6F7765725269676874223A7B2278223A3232302C2279223A38347D2C2275707065724C656674223A7B2278223A3139302C2279223A35342E30303030303030303030303030317D7D2C22646F636B657273223A5B5D7D2C7B227265736F757263654964223A227369642D45384235334545302D423632412D344135442D414237442D353735313637363237464138222C2270726F70657274696573223A7B226F766572726964656964223A22646570744C65616465724175646974222C226E616D65223A22E983A8E997A8E9A286E5AFBCE5AEA1E689B9222C22646F63756D656E746174696F6E223A22222C226173796E6368726F6E6F7573646566696E6974696F6E223A2266616C7365222C226578636C7573697665646566696E6974696F6E223A747275652C22657865637574696F6E6C697374656E657273223A22222C226D756C7469696E7374616E63655F74797065223A224E6F6E65222C226D756C7469696E7374616E63655F63617264696E616C697479223A22222C226D756C7469696E7374616E63655F636F6C6C656374696F6E223A22222C226D756C7469696E7374616E63655F7661726961626C65223A22222C226D756C7469696E7374616E63655F636F6E646974696F6E223A22222C226973666F72636F6D70656E736174696F6E223A2266616C7365222C22757365727461736B61737369676E6D656E74223A7B2261737369676E6D656E74223A7B2263616E64696461746547726F757073223A5B7B2276616C7565223A226D616E616765222C222424686173684B6579223A22363050227D5D7D7D2C22666F726D6B6579646566696E6974696F6E223A22646570742D6C65616465722D61756469742E666F726D222C2264756564617465646566696E6974696F6E223A22222C227072696F72697479646566696E6974696F6E223A22222C22666F726D70726F70657274696573223A22222C227461736B6C697374656E657273223A22227D2C227374656E63696C223A7B226964223A22557365725461736B227D2C226368696C64536861706573223A5B5D2C226F7574676F696E67223A5B7B227265736F757263654964223A227369642D46334542423738332D463843442D343743362D413231312D444635343932333734433842227D5D2C22626F756E6473223A7B226C6F7765725269676874223A7B2278223A3430312E373833323539373435353336342C2279223A3130392E30303030303030303030303030317D2C2275707065724C656674223A7B2278223A3330312E373833323539373435353336342C2279223A32392E3030303030303030303030303030377D7D2C22646F636B657273223A5B5D7D2C7B227265736F757263654964223A227369642D45344541444139352D323739312D344341312D393441432D303137394143414141413142222C2270726F70657274696573223A7B226F766572726964656964223A2268724175646974222C226E616D65223A22E4BABAE4BA8BE5AEA1E689B9222C22646F63756D656E746174696F6E223A22222C226173796E6368726F6E6F7573646566696E6974696F6E223A2266616C7365222C226578636C7573697665646566696E6974696F6E223A747275652C22657865637574696F6E6C697374656E657273223A22222C226D756C7469696E7374616E63655F74797065223A224E6F6E65222C226D756C7469696E7374616E63655F63617264696E616C697479223A22222C226D756C7469696E7374616E63655F636F6C6C656374696F6E223A22222C226D756C7469696E7374616E63655F7661726961626C65223A22222C226D756C7469696E7374616E63655F636F6E646974696F6E223A22222C226973666F72636F6D70656E736174696F6E223A2266616C7365222C22757365727461736B61737369676E6D656E74223A7B2261737369676E6D656E74223A7B2263616E64696461746547726F757073223A5B7B2276616C7565223A226872222C222424686173684B6579223A22314B47227D5D7D7D2C22666F726D6B6579646566696E6974696F6E223A2268722D61756469742E666F726D222C2264756564617465646566696E6974696F6E223A22222C227072696F72697479646566696E6974696F6E223A22222C22666F726D70726F70657274696573223A22222C227461736B6C697374656E657273223A22227D2C227374656E63696C223A7B226964223A22557365725461736B227D2C226368696C64536861706573223A5B5D2C226F7574676F696E67223A5B7B227265736F757263654964223A227369642D41363835323933322D384133362D343236452D413142392D343443333142443438324136227D5D2C22626F756E6473223A7B226C6F7765725269676874223A7B2278223A3732352C2279223A3130397D2C2275707065724C656674223A7B2278223A3632352C2279223A32397D7D2C22646F636B657273223A5B5D7D2C7B227265736F757263654964223A227369642D46343833433033392D453937332D343435312D384144452D413533433537303044343037222C2270726F70657274696573223A7B226F766572726964656964223A227265706F72744261636B222C226E616D65223A22E99480E58187222C22646F63756D656E746174696F6E223A22222C226173796E6368726F6E6F7573646566696E6974696F6E223A2266616C7365222C226578636C7573697665646566696E6974696F6E223A747275652C22657865637574696F6E6C697374656E657273223A22222C226D756C7469696E7374616E63655F74797065223A224E6F6E65222C226D756C7469696E7374616E63655F63617264696E616C697479223A22222C226D756C7469696E7374616E63655F636F6C6C656374696F6E223A22222C226D756C7469696E7374616E63655F7661726961626C65223A22222C226D756C7469696E7374616E63655F636F6E646974696F6E223A22222C226973666F72636F6D70656E736174696F6E223A2266616C7365222C22757365727461736B61737369676E6D656E74223A7B2261737369676E6D656E74223A7B2261737369676E6565223A22247B6170706C795573657249647D227D7D2C22666F726D6B6579646566696E6974696F6E223A227265706F72742D6261636B2E666F726D222C2264756564617465646566696E6974696F6E223A22222C227072696F72697479646566696E6974696F6E223A22222C22666F726D70726F70657274696573223A22222C227461736B6C697374656E657273223A22227D2C227374656E63696C223A7B226964223A22557365725461736B227D2C226368696C64536861706573223A5B5D2C226F7574676F696E67223A5B7B227265736F757263654964223A227369642D33334541463737322D423238322D344232392D413646332D314244453244374537464246227D5D2C22626F756E6473223A7B226C6F7765725269676874223A7B2278223A313034302C2279223A3130397D2C2275707065724C656674223A7B2278223A3934302C2279223A32397D7D2C22646F636B657273223A5B5D7D2C7B227265736F757263654964223A227369642D45363044443936362D413337352D343335352D423246322D323237304339363138423633222C2270726F70657274696573223A7B226F766572726964656964223A22222C226E616D65223A22E8B083E695B4E794B3E8AFB7222C22646F63756D656E746174696F6E223A22222C226173796E6368726F6E6F7573646566696E6974696F6E223A2266616C7365222C226578636C7573697665646566696E6974696F6E223A747275652C22657865637574696F6E6C697374656E657273223A22222C226D756C7469696E7374616E63655F74797065223A224E6F6E65222C226D756C7469696E7374616E63655F63617264696E616C697479223A22222C226D756C7469696E7374616E63655F636F6C6C656374696F6E223A22222C226D756C7469696E7374616E63655F7661726961626C65223A22222C226D756C7469696E7374616E63655F636F6E646974696F6E223A22222C226973666F72636F6D70656E736174696F6E223A2266616C7365222C22757365727461736B61737369676E6D656E74223A22222C22666F726D6B6579646566696E6974696F6E223A226D6F646966792D6170706C79322E666F726D222C2264756564617465646566696E6974696F6E223A22222C227072696F72697479646566696E6974696F6E223A22222C22666F726D70726F70657274696573223A22222C227461736B6C697374656E657273223A22227D2C227374656E63696C223A7B226964223A22557365725461736B227D2C226368696C64536861706573223A5B5D2C226F7574676F696E67223A5B7B227265736F757263654964223A227369642D43463237323343412D384241422D343244332D423631462D303132423346394438343534227D5D2C22626F756E6473223A7B226C6F7765725269676874223A7B2278223A3537352C2279223A3233307D2C2275707065724C656674223A7B2278223A3437352C2279223A3135307D7D2C22646F636B657273223A5B5D7D2C7B227265736F757263654964223A227369642D31424542334344432D323141382D344636302D413632352D314444324238414634343030222C2270726F70657274696573223A7B226F766572726964656964223A226578636C757369766531222C226E616D65223A224578636C75736976652047617465776179222C22646F63756D656E746174696F6E223A22222C2273657175656E6365666C6F776F72646572223A22227D2C227374656E63696C223A7B226964223A224578636C757369766547617465776179227D2C226368696C64536861706573223A5B5D2C226F7574676F696E67223A5B7B227265736F757263654964223A227369642D45374336323638422D454436462D343446332D393143372D304646443838334243333241227D2C7B227265736F757263654964223A227369642D33393041413843452D443346352D344646462D414145462D303633334431464239423234227D5D2C22626F756E6473223A7B226C6F7765725269676874223A7B2278223A3534352C2279223A38397D2C2275707065724C656674223A7B2278223A3530352C2279223A34397D7D2C22646F636B657273223A5B5D7D2C7B227265736F757263654964223A227369642D34354138333237332D304338332D343539322D393230462D353546364535344434384232222C2270726F70657274696573223A7B226F766572726964656964223A226578636C757369766532222C226E616D65223A224578636C75736976652047617465776179222C22646F63756D656E746174696F6E223A22222C2273657175656E6365666C6F776F72646572223A22227D2C227374656E63696C223A7B226964223A224578636C757369766547617465776179227D2C226368696C64536861706573223A5B5D2C226F7574676F696E67223A5B7B227265736F757263654964223A227369642D38373244313635452D464443422D343634452D413631412D384242414232304538333739227D2C7B227265736F757263654964223A227369642D42364631424130452D443341372D344238372D424538372D313141444437454141373146227D5D2C22626F756E6473223A7B226C6F7765725269676874223A7B2278223A3836302C2279223A38397D2C2275707065724C656674223A7B2278223A3832302C2279223A34397D7D2C22646F636B657273223A5B5D7D2C7B227265736F757263654964223A227369642D45323532363145322D454235362D344633372D414443342D414330303246324234393042222C2270726F70657274696573223A7B226F766572726964656964223A226578636C757369766533222C226E616D65223A224578636C75736976652047617465776179222C22646F63756D656E746174696F6E223A22222C2273657175656E6365666C6F776F72646572223A22227D2C227374656E63696C223A7B226964223A224578636C757369766547617465776179227D2C226368696C64536861706573223A5B5D2C226F7574676F696E67223A5B7B227265736F757263654964223A227369642D34343838383145442D314131432D343845372D413531352D353830353539363536303232227D2C7B227265736F757263654964223A227369642D36364630373638462D463241452D343143462D394443352D313432383941343946363631227D5D2C22626F756E6473223A7B226C6F7765725269676874223A7B2278223A3534352C2279223A3334307D2C2275707065724C656674223A7B2278223A3530352C2279223A3330307D7D2C22646F636B657273223A5B5D7D2C7B227265736F757263654964223A227369642D41364544433042312D313735392D344146392D414538372D313532454132464445463838222C2270726F70657274696573223A7B226F766572726964656964223A22656E64222C226E616D65223A22656E64222C22646F63756D656E746174696F6E223A22222C22657865637574696F6E6C697374656E657273223A22227D2C227374656E63696C223A7B226964223A22456E644E6F6E654576656E74227D2C226368696C64536861706573223A5B5D2C226F7574676F696E67223A5B5D2C22626F756E6473223A7B226C6F7765725269676874223A7B2278223A313030392E352C2279223A3333347D2C2275707065724C656674223A7B2278223A3938312E352C2279223A3330367D7D2C22646F636B657273223A5B5D7D2C7B227265736F757263654964223A227369642D34463035413546412D314344462D343935462D414432422D323630424333363437393144222C2270726F70657274696573223A7B226F766572726964656964223A226576656E74666C6F7731222C226E616D65223A22222C22646F63756D656E746174696F6E223A22222C22636F6E646974696F6E73657175656E6365666C6F77223A22222C22657865637574696F6E6C697374656E657273223A22222C2264656661756C74666C6F77223A2266616C7365222C2273686F776469616D6F6E646D61726B6572223A66616C73657D2C227374656E63696C223A7B226964223A2253657175656E6365466C6F77227D2C226368696C64536861706573223A5B5D2C226F7574676F696E67223A5B7B227265736F757263654964223A227369642D45384235334545302D423632412D344135442D414237442D353735313637363237464138227D5D2C22626F756E6473223A7B226C6F7765725269676874223A7B2278223A3330312E343733323538343234373730332C2279223A36397D2C2275707065724C656674223A7B2278223A3232302E3930373637343831373930362C2279223A36397D7D2C22646F636B657273223A5B7B2278223A31352C2279223A31342E3939393939393939393939393939337D2C7B2278223A35302C2279223A34307D5D2C22746172676574223A7B227265736F757263654964223A227369642D45384235334545302D423632412D344135442D414237442D353735313637363237464138227D7D2C7B227265736F757263654964223A227369642D41363835323933322D384133362D343236452D413142392D343443333142443438324136222C2270726F70657274696573223A7B226F766572726964656964223A226576656E74666C6F7735222C226E616D65223A22222C22646F63756D656E746174696F6E223A22222C22636F6E646974696F6E73657175656E6365666C6F77223A22222C22657865637574696F6E6C697374656E657273223A22222C2264656661756C74666C6F77223A2266616C7365227D2C227374656E63696C223A7B226964223A2253657175656E6365466C6F77227D2C226368696C64536861706573223A5B5D2C226F7574676F696E67223A5B7B227265736F757263654964223A227369642D34354138333237332D304338332D343539322D393230462D353546364535344434384232227D5D2C22626F756E6473223A7B226C6F7765725269676874223A7B2278223A3831392E363634303632352C2279223A36397D2C2275707065724C656674223A7B2278223A3732352E36323839303632352C2279223A36397D7D2C22646F636B657273223A5B7B2278223A35302C2279223A34307D2C7B2278223A32302C2279223A32307D5D2C22746172676574223A7B227265736F757263654964223A227369642D34354138333237332D304338332D343539322D393230462D353546364535344434384232227D7D2C7B227265736F757263654964223A227369642D43463237323343412D384241422D343244332D423631462D303132423346394438343534222C2270726F70657274696573223A7B226F766572726964656964223A226576656E74666C6F7738222C226E616D65223A22222C22646F63756D656E746174696F6E223A22222C22636F6E646974696F6E73657175656E6365666C6F77223A22222C22657865637574696F6E6C697374656E657273223A22222C2264656661756C74666C6F77223A2266616C7365227D2C227374656E63696C223A7B226964223A2253657175656E6365466C6F77227D2C226368696C64536861706573223A5B5D2C226F7574676F696E67223A5B7B227265736F757263654964223A227369642D45323532363145322D454235362D344633372D414443342D414330303246324234393042227D5D2C22626F756E6473223A7B226C6F7765725269676874223A7B2278223A3532352C2279223A3239392E3730333132357D2C2275707065724C656674223A7B2278223A3532352C2279223A3233302E3630393337357D7D2C22646F636B657273223A5B7B2278223A35302C2279223A34307D2C7B2278223A32302C2279223A32307D5D2C22746172676574223A7B227265736F757263654964223A227369642D45323532363145322D454235362D344633372D414443342D414330303246324234393042227D7D2C7B227265736F757263654964223A227369642D33334541463737322D423238322D344232392D413646332D314244453244374537464246222C2270726F70657274696573223A7B226F766572726964656964223A226576656E74666C6F773130222C226E616D65223A22222C22646F63756D656E746174696F6E223A22222C22636F6E646974696F6E73657175656E6365666C6F77223A22222C22657865637574696F6E6C697374656E657273223A22222C2264656661756C74666C6F77223A2266616C7365227D2C227374656E63696C223A7B226964223A2253657175656E6365466C6F77227D2C226368696C64536861706573223A5B5D2C226F7574676F696E67223A5B7B227265736F757263654964223A227369642D41364544433042312D313735392D344146392D414538372D313532454132464445463838227D5D2C22626F756E6473223A7B226C6F7765725269676874223A7B2278223A3939352E313737333131363538313238352C2279223A3330352E323733363737343839313334357D2C2275707065724C656674223A7B2278223A3939302E383831323832303931383731352C2279223A3130392E32313835313030313038363534377D7D2C22646F636B657273223A5B7B2278223A35302C2279223A34307D2C7B2278223A31342C2279223A31347D5D2C22746172676574223A7B227265736F757263654964223A227369642D41364544433042312D313735392D344146392D414538372D313532454132464445463838227D7D2C7B227265736F757263654964223A227369642D46334542423738332D463843442D343743362D413231312D444635343932333734433842222C2270726F70657274696573223A7B226F766572726964656964223A226576656E74666C6F7732222C226E616D65223A22222C22646F63756D656E746174696F6E223A22222C22636F6E646974696F6E73657175656E6365666C6F77223A22222C22657865637574696F6E6C697374656E657273223A22222C2264656661756C74666C6F77223A2266616C7365227D2C227374656E63696C223A7B226964223A2253657175656E6365466C6F77227D2C226368696C64536861706573223A5B5D2C226F7574676F696E67223A5B7B227265736F757263654964223A227369642D31424542334344432D323141382D344636302D413632352D314444324238414634343030227D5D2C22626F756E6473223A7B226C6F7765725269676874223A7B2278223A3530352E30353434313930333436363830362C2279223A36397D2C2275707065724C656674223A7B2278223A3430322E31373730393538333337323333342C2279223A36397D7D2C22646F636B657273223A5B7B2278223A35302C2279223A34307D2C7B2278223A32302C2279223A32307D5D2C22746172676574223A7B227265736F757263654964223A227369642D31424542334344432D323141382D344636302D413632352D314444324238414634343030227D7D2C7B227265736F757263654964223A227369642D38373244313635452D464443422D343634452D413631412D384242414232304538333739222C2270726F70657274696573223A7B226F766572726964656964223A226576656E74666C6F7736222C226E616D65223A22E5908CE6848F222C22646F63756D656E746174696F6E223A22222C22636F6E646974696F6E73657175656E6365666C6F77223A22247B687250617373203D3D202774727565277D222C22657865637574696F6E6C697374656E657273223A22222C2264656661756C74666C6F77223A2266616C7365227D2C227374656E63696C223A7B226964223A2253657175656E6365466C6F77227D2C226368696C64536861706573223A5B5D2C226F7574676F696E67223A5B7B227265736F757263654964223A227369642D46343833433033392D453937332D343435312D384144452D413533433537303044343037227D5D2C22626F756E6473223A7B226C6F7765725269676874223A7B2278223A3933392E393435333138303932373331372C2279223A36392E34333431353535333730393934347D2C2275707065724C656674223A7B2278223A3836302E313837343934343037323638332C2279223A36392E31363734303639363239303035367D7D2C22646F636B657273223A5B7B2278223A32302E352C2279223A32302E357D2C7B2278223A35302C2279223A34307D5D2C22746172676574223A7B227265736F757263654964223A227369642D46343833433033392D453937332D343435312D384144452D413533433537303044343037227D7D2C7B227265736F757263654964223A227369642D45374336323638422D454436462D343446332D393143372D304646443838334243333241222C2270726F70657274696573223A7B226F766572726964656964223A226576656E74666C6F7733222C226E616D65223A22E5908CE6848F222C22646F63756D656E746174696F6E223A22222C22636F6E646974696F6E73657175656E6365666C6F77223A22247B646570744C656164657250617373203D3D202774727565277D222C22657865637574696F6E6C697374656E657273223A22222C2264656661756C74666C6F77223A66616C73657D2C227374656E63696C223A7B226964223A2253657175656E6365466C6F77227D2C226368696C64536861706573223A5B5D2C226F7574676F696E67223A5B7B227265736F757263654964223A227369642D45344541444139352D323739312D344341312D393441432D303137394143414141413142227D5D2C22626F756E6473223A7B226C6F7765725269676874223A7B2278223A3632342E393435333138303932373331372C2279223A36392E34333431353535333730393934347D2C2275707065724C656674223A7B2278223A3534352E313837343934343037323638332C2279223A36392E31363734303639363239303035367D7D2C22646F636B657273223A5B7B2278223A32302E352C2279223A32302E357D2C7B2278223A35302C2279223A34307D5D2C22746172676574223A7B227265736F757263654964223A227369642D45344541444139352D323739312D344341312D393441432D303137394143414141413142227D7D2C7B227265736F757263654964223A227369642D33393041413843452D443346352D344646462D414145462D303633334431464239423234222C2270726F70657274696573223A7B226F766572726964656964223A226576656E74666C6F7734222C226E616D65223A22E4B88DE5908CE6848F222C22646F63756D656E746174696F6E223A22222C22636F6E646974696F6E73657175656E6365666C6F77223A22247B646570744C656164657250617373203D3D202766616C7365277D222C22657865637574696F6E6C697374656E657273223A22222C2264656661756C74666C6F77223A66616C73657D2C227374656E63696C223A7B226964223A2253657175656E6365466C6F77227D2C226368696C64536861706573223A5B5D2C226F7574676F696E67223A5B7B227265736F757263654964223A227369642D45363044443936362D413337352D343335352D423246322D323237304339363138423633227D5D2C22626F756E6473223A7B226C6F7765725269676874223A7B2278223A3532352E343137373235363538313236382C2279223A3134392E34363039343631303835353630347D2C2275707065724C656674223A7B2278223A3532352E313638323131383431383733322C2279223A38392E33323831313633393134343339367D7D2C22646F636B657273223A5B7B2278223A32302E352C2279223A32302E357D2C7B2278223A35302C2279223A34307D5D2C22746172676574223A7B227265736F757263654964223A227369642D45363044443936362D413337352D343335352D423246322D323237304339363138423633227D7D2C7B227265736F757263654964223A227369642D42364631424130452D443341372D344238372D424538372D313141444437454141373146222C2270726F70657274696573223A7B226F766572726964656964223A226576656E74666C6F7737222C226E616D65223A22E4B88DE5908CE6848F222C22646F63756D656E746174696F6E223A22222C22636F6E646974696F6E73657175656E6365666C6F77223A22247B687250617373203D3D202766616C7365277D222C22657865637574696F6E6C697374656E657273223A22222C2264656661756C74666C6F77223A2266616C7365222C2273686F776469616D6F6E646D61726B6572223A66616C73657D2C227374656E63696C223A7B226964223A2253657175656E6365466C6F77227D2C226368696C64536861706573223A5B5D2C226F7574676F696E67223A5B7B227265736F757263654964223A227369642D45363044443936362D413337352D343335352D423246322D323237304339363138423633227D5D2C22626F756E6473223A7B226C6F7765725269676874223A7B2278223A3833362E333335323534313535343435312C2279223A3138392E34323139313037353039323133377D2C2275707065724C656674223A7B2278223A3537352E3435333634383935363435342C2279223A38352E363734313331333538373132337D7D2C22646F636B657273223A5B7B2278223A32322E3530383738343038323039323233342C2279223A33342E32313930333239323237323835337D2C7B2278223A39392C2279223A34307D5D2C22746172676574223A7B227265736F757263654964223A227369642D45363044443936362D413337352D343335352D423246322D323237304339363138423633227D7D2C7B227265736F757263654964223A227369642D34343838383145442D314131432D343845372D413531352D353830353539363536303232222C2270726F70657274696573223A7B226F766572726964656964223A226576656E74666C6F773131222C226E616D65223A22E7BB93E69D9F222C22646F63756D656E746174696F6E223A22222C22636F6E646974696F6E73657175656E6365666C6F77223A22247B72654170706C79203D3D202766616C7365277D222C22657865637574696F6E6C697374656E657273223A22222C2264656661756C74666C6F77223A2266616C7365227D2C227374656E63696C223A7B226964223A2253657175656E6365466C6F77227D2C226368696C64536861706573223A5B5D2C226F7574676F696E67223A5B7B227265736F757263654964223A227369642D41364544433042312D313735392D344146392D414538372D313532454132464445463838227D5D2C22626F756E6473223A7B226C6F7765725269676874223A7B2278223A3938302E373330343639333135383636352C2279223A3332302E343738343238333538333134387D2C2275707065724C656674223A7B2278223A3534352E373737333433313834313333352C2279223A3332302E303135373132323636363835327D7D2C22646F636B657273223A5B7B2278223A32302E352C2279223A32302E357D2C7B2278223A31342C2279223A31347D5D2C22746172676574223A7B227265736F757263654964223A227369642D41364544433042312D313735392D344146392D414538372D313532454132464445463838227D7D2C7B227265736F757263654964223A227369642D36364630373638462D463241452D343143462D394443352D313432383941343946363631222C2270726F70657274696573223A7B226F766572726964656964223A226576656E74666C6F7739222C226E616D65223A22222C22646F63756D656E746174696F6E223A22222C22636F6E646974696F6E73657175656E6365666C6F77223A22247B72654170706C79203D3D202774727565277D222C22657865637574696F6E6C697374656E657273223A22222C2264656661756C74666C6F77223A2266616C7365227D2C227374656E63696C223A7B226964223A2253657175656E6365466C6F77227D2C226368696C64536861706573223A5B5D2C226F7574676F696E67223A5B7B227265736F757263654964223A227369642D45384235334545302D423632412D344135442D414237442D353735313637363237464138227D5D2C22626F756E6473223A7B226C6F7765725269676874223A7B2278223A3531362E373838363939373835373937372C2279223A3330372E383838313335343137313031327D2C2275707065724C656674223A7B2278223A3337392E34393438323834323530373037352C2279223A3130392E31313936373730383238393837397D7D2C22646F636B657273223A5B7B2278223A32302E352C2279223A32302E357D2C7B2278223A35302C2279223A34307D5D2C22746172676574223A7B227265736F757263654964223A227369642D45384235334545302D423632412D344135442D414237442D353735313637363237464138227D7D5D2C22626F756E6473223A7B226C6F7765725269676874223A7B2278223A313230302C2279223A313035307D2C2275707065724C656674223A7B2278223A302C2279223A307D7D2C227374656E63696C736574223A7B2275726C223A227374656E63696C736574732F62706D6E322E302F62706D6E322E302E6A736F6E222C226E616D657370616365223A22687474703A2F2F62336D6E2E6F72672F7374656E63696C7365742F62706D6E322E3023227D2C227373657874656E73696F6E73223A5B5D7D, null);
INSERT INTO `act_ge_bytearray` VALUES ('12501', '4', 'source-extra', null, 0x89504E470D0A1A0A0000000D49484452000004420000018608060000007F83247C000000206348524D00007A26000080840000FA00000080E8000075300000EA6000003A98000017709CBA513C0000000467414D410000B18E7CFB5193000000017352474200AECE1CE900000006624B474400FF00FF00FFA0BDA793000000097048597300000EC400000EC401952B0E1B000020004944415478DAECDD097854D5F9F8F1339340C2BEC8120415B70A0A15972AED8F6AB4A0566DC542C88C80C4BA6105C585BAD77D694551D13FA22241C19918505054046A53A52D1541142AA82801810408103090096466FEEF7BE74E9C842404B2CD64BE9FE739CFBD7367C9E4CCCCB9E7BCF72CC60000000000000000000000000000000000000000000000000000000000000000000000000000000000000000000000000000000000000000000000000000000000000000000000000000000000000000000000000000000000000000000000000000000000000000000000000000000000000000000000000000000000000000000000000000000000000000000000000000000000000000000000000000000000000000000000000000000000000000000000000000000087C8411600680A3EFDF4D3DF389DCE5B4A4A4ACEF6F97C47040201CAB7DA9E201C0ED3B265CB62496B244D3BF1C41327CBB1527206885EC1603079DDBA75638A8A8A46ECDDBBF7A43D7BF6244B7948C6D4BE3C0C2625256D6FDEBCF9A7FBF7EF9F3060C0807F902B00651D655D0CFFAF7CDC0062D9471F7D748A14D6B3E484F8B394941467BB76ED4C9B366D8CD3E924736A492B1452C130BB77EF365BB66CD13CDDD9BE7DFBEB7AF5EA358BDC01A28F340A461714143CE5F3F95A4A7968280FEBA73CCCCFCFDFE7F7FB571717178FB8F0C20B57913B00651D655DEC21100220667DF2C927BF93027AF6D1471FDDECC8238FB47A30A0FE6CDEBCD9AC5FBFDE485E4FFAD9CF7E76133902448F0D1B36CCF9FEFBEF2F93F2D0501E364C79989B9B5B1C0C06DDE79F7FFE5C7204A0ACA3AC8B2D097CBC0062910641A4507EF3E4934F4EEADCB93327C206A0575B3A76ECA85762CEBEEBAEBBDA4F9A34E9437205888E8681A4CB7AF7EE6D280F1BB43C6CB675EBD64B468C18B1F2B5D75EFB865C0128EB28EB620781100031E7C30F3FEC259B05A79C724ACBB66DDB56FA98A26DABCDE6FFCD325BBE7ECFECDCF02F5352946F925A753109CD5B9181B5D0BC7973D3BE7D7BB376EDDAB36FBAE9A6C553A64C5947AE008D47BB88E7E6E6DEA60D83CACAC392A22D26FFABB74DFEEAB9A660DD3FCCDE9DEBACB23031A92D995707E5A1341092F2F3F32F1E3E7CF87B3366CCD84AAE0094759475B18181540062B1407EF998638E49AA2A08B26BF372B3E94B8FF1EDDE64828152E3DF5F6C76E77F69D62F9B6A4A4B769381B5D4AA552B23F9EF2829297983DC001A8F4E16A8E3E4B58B78550D831F96BF6A8A0ABE3601FF3EAB3CDCBBE33BB341CA422D1F5137E561CF9E3D03090909CF911B00651D655DEC20100220A62C58B0A09FD3E9FC79F7EEDD13AB7ACCB6EF16C949F3C099C3FDFB8ACCF6F58BC9C43AA0E372A562D265E9D2A5BF273780C6A12B26E86481FA7BACCC8EF59F98D27D7B0E38AE0D8582753964601DE9D1A347C7C4C4C413172E5CD89FDC0028EB28EB620381100031C5E1700C4949490954352E54831DD5F5FAD0AB06A81B5DBB76D560C80DE404D03874D9485D31A1AAF2B0B89A2BA1948575AB4B972EF9B219424E0094759475B181400880989290907051870E1DDA57757F20505AFD0B045963BEAE68F7D492929233C909A071ECDDBBF7245D36B2CAE2CEBF9FB2B08174EAD4A9BB6C52C90980B28EB22E3624F2710288257EBFFFE73A83351A5FEBD6AD351072043901348E3D7BF624531E4607F91CBAC9A633390150D651D6C5067A84008835CD9D4E8AAEA83881C8E7100C0659BB0E68248140C0501E464F7968B8C00850D651D6C5CEFFC2C709A029D165D21C0E6735F7734501407C68D6A203652100CA3AA01204420034291A0439E2D8D44A832109CD5B9BF6DD7F412601880B1D8FFE95496CDEEAC0B2B0590BD3F19801641000CA3AC42D0221009A9C4EC79D6FF50CA9A8438FB34CCB0EC7924100E242EBCEBD4DAB4E27557ABC4D9753C820009475885B0442003439BA6E7CB09259C275695D008827FEFDC5071C2B2DF9918C01405987B846200440935254F0B559B7E47939F9ED3EE0BE9D1B3F351BBF984940044093B76FCF36B361D95453B46DF501F7EDD9FEADD9F0D9CBD6630080B20EF188D9AD013409DA0B64FBBA1CB363FDE24A7B8384E989F2FB5D3F986E275F6E5A57D28D120062DDAECDCBCDB6B51F9AD27D7BAA7CCCDEC2F526F7D3C9A6F3F1034DFBA3FA573BC9340050D6A1A921100220E669C47FCB37EFD738E2AF3D4236AE78DDB4EBD6CF743EF1B7954EB00500B146CB402D0BB54CAC090D20EBE37FDCB6DA74F9D9C526B94D37321100651DE20221310031CDB77B9315D4389C6E8FBBF25698BCFFCD22130134097AD5B3A60D83487B77AE33EB974E21030150D6216E10080110D3AA9A18B5A68281523211A8A18C8C8CF6E442749787948500651D651D651D0E8EA13100629A2E87DB6BE023640450CFEEBBEFBE11DF7EFBEDEB0F3EF860C6FDF7DF3F9D1C893E948500651D651D5033F408010000D5FACB5FFEE2DEB871E3F4DFFEF6B7263737F7D5BBEFBE3B835C0140590720561108010000551A3F7EFC900D1B36BC3E66CC18E795575E696EBEF966E7962D5B5EB9E5965BAE68A0B77082A4D6D5DC9F2CE9CC6AEE1F2829C5DEA7272C00CA3A00FC48000040E5F4EAE80F3FFC3063ECD8B1CED34F3FDD3A76EAA9A76A0321E1E9A79F7E4D1A0866E2C4896FD4F3DB182049D7BAFEB08AFBB5E27FAEA4CF228E5D1A51C7D1B1FE7D246D94F47F926656782C00CA3ACA3A20CED0230400001CE0C1071F1CA50D03BD3A1A6E1884F5EDDBD78C1B372E61E7CE9DAFDD78E38D9737C0DBF95A524E85B4425227494B246DA9F0F87992E6D88D01DD664AFA8DA4BBEC86416B3E6100947540FCA247085085603098BC72E5CA519F7FFEF915797979FD366FDEDC72F7EEDD893E9FCF24262606DBB469B3BF63C78E9BDAB66DFB6F79F8C377DC71C7D7E41A80A6D230D0F1F1DA355CAF8A56468FDF7AEBAD094F3DF554D695575E99F6DA6BAFCDADE7B7955AC9B1820A759964FB713EFBF67A13EA4AAE5DCE674BBAC884AE981E2169BC24960F0028EB28EB8038442004A84003206FBDF5D64B8F3CF2887BFBF6ED89BD7BF736A9A9A9E6A8A38E321D3B7634C9C9C9C6E7F3397EFCF1C7E63FFCF0C3B1AB56AD3A76F9F2E557DC72CB2D1BF6ECD9F3C84B2FBDF40AB90820861B06C30FD63008D3ABA5B7DD765BB3091326BC396AD4A83F4C9F3EFDBD7A784BA5767D25475286A45CFBF809F6B1C80ABE360AE69B5077F19E928A24F530A1AEE2FA38ED56FE5749F97CD200651D651D10BF181A034458B264C91F1F7DF4D142D98EBCF8E28B13E58467AEBBEE3A73F6D9679B238F3CD20A8228DD76EEDCD968174A9D50EB99679E71C889F1988E1D3BBE78FDF5D7AF4E4B4B3B81DC04106BC68D1B3778DDBA75D3B58BF8C11A06910D84DB6FBFBD79201078DBED765F540F6FAB2062FF12BB71A0E91453F5059D4EF67DE1C716D9C77BD1300040590780400860AC5E208973E7CEFD28333373AA9C10931E7FFC712BC891909050E3D7D013A93C2FE1F2CB2FEFD5A64D9B2FAFBBEEBA6BC85900B142AF8E161616CE1A3B766C42C571F23569208C1F3FBE596262E2DBE9E9E997D6F15BF345EC174554F87755B8AFA2FC88C7EA58F91C1A060028EB00280221887B1A04F9E73FFFF9EF458B169D77EBADB79A4B2FBDF4900220155D78E1853AFB780BA7D3F9DC35D75C7323390C20DADD77DF7D237273735F3B9C86416403E1B6DB6E4B6EDEBC79763D3410C274D584543B1D53CDE30AEDC76AEFBCDB4CA8FB78068D0380B28EB20E80221082B8F7CE3BEF2C983D7BF62FE4E4684E3CF1C43A79CD638E39C63CF4D0431A0C79C2ED768F2097014473C360E3C68DD3759CFCE1360CC2B467DCF8F1E3EBB381F0ACF9692585474DF9AEE491B411D0DDBE3F4BD21926B49A828E997FD26E3400A0ACA3AC03E2148110C4359D13E4830F3E386FECD8B1D69C1F75495FEFEEBBEF6EDDAC59B3496EB7BB17B90D20DA6817F170C3A0A6E3E40FC6EE3A9E2C65DF9BF5308E7E7EC47E815DC9EF51E131634CE80AE91EBB91B058D253F67DFDEDFD97F9F401CA3ACA3A207EB16A0CE296AE0EF3F0C30F4FBEE4924BEAAC274845DA33243D3D3DE98D37DE9826377F49AE038816E1C902C78E1D5BD630282C2C3437DC70C3018F7DEEB9E7CA058BF7EEDD6BAEBEFAEA031EF7C20B2F58AB6B6903E1CF7FFE738BBFFDED6FB3A58130C4E3F1CCAFC55BD58A7E6125C7C35DC21F963436E2B88EA59F67370C6EB31B0961F97603238D6F004059475907C42F7A84206ECD993367AA2E81AB737AD4A78B2FBEB845BB76ED8E65880C806851D56481EDDBB7B71A072D5BB6FCA9A2E0749A175F7CB1DCF35F7AE925D3AC59B3B2DB1D3A743023468CB01A0661F60A0B2DE5F9B36AD975DCAB457615F76945FF179296441CD325CC4BED63E3253D1091C2FF4801DF0280B28EB20E201002C415ED0DB26AD5AA612E97ABDC09AEBE5C7FFDF51DE404C9C4A936C9F77BDD6EF7E0D4D4547AA5010DFC7B9186C1A8EA260B3CE79C734CB76EDDCA6E070201B36EDD3AF3D9679F59B7BFFEFA6BB372E54AB37FFF7EEB766262A269DBB6ADB9E8A2037B86EBD5D73FFFF9CFBAC282B71E27158CF5CF3795B210FC0EEABE5E405947590754874008E2929CD8466DDDBA35B1AEC6891ECCCF7FFEF3E6494949C7CA49A027B96F7938180CBEDDB56BD75D5261F0E8D8DAB4B4B4D60DF906E6CF9F6F4A4B4B6BF4D86DDBB6598FAF297DDDECEC6C6BDFE7F399A2A2A27269F2E4C966E7CE9D658F5FBD7AB5F9E73FFF69162F5E5C2E4D9B36CDE4E7573FF1FB2BAFBC62F6EDDB77D0C7E8DF505F7CF145D9F10D1B36F04D8CADDFCB0E29435EAFCDEFC56E18BC7AB0C902C78C1953EE4A697171B1F53DFAF1C71FCDA44993ACEEE261FAB8EBAEBBAECAD5B6B4FC0B3710EA611C7D53F08F9494945CF96C5F927466ACBC698FC7734865C8BFFFFD6FB360C18272C7B4E149D9868AF502F91D64D5B65E40594759D790B47C8BACD7858F555577DCBC79B379FFFDF7CBEA78BAD5FA2265188110A0DE7DFEF9E7576810A436CBE41EAABE7DFB6A693794DCFF89C3E16829C925959F0FE4B3D82427C6995A79C8C8C848AEEFBFAD156C0D48A88D1B375A2724AD50EBC9E7AEBBEE325BB76E2D7BAC8E17FEC73FFE61E6CD9B673DF69D77DEB14E6E9A1E7AE821F3D1471F957BEDD9B3679B4F3FFDD4DADFB46993D9BD7BB7F9F8E38FCDE38F3F6E1D1B3972A469D3A64DD9E3BFFCF24BABD275D65967954B4B962C39E03BAA7F3F52AB56ADCAAE5E55F518BDA275D4514759FBB7DC724B59E3E2CA2BAFACB62182A8FBBDE8976684FD7BD920BF95E987F27BF9CB5FFEE20E370C0E160496CAAA75D5B3458B1665C7B441F0E8A38F5ADFE730FD1EFFF297BF34C71D775CB5AFA70D84F1E3C73B8587ABA595D2551FAE95B4543ED39D764321AAAF9ECE9C39F380B2269296A9E17252930641C20D034D3A0461E8D0A165E511651BC2F502D90CB3CBB93CF93D780EB55E40594759D7D09E7EFA69ABE790963B5A57D43A644141815526E9C5B4EBAFBFBEDCE33FFCF043D3BC797373D5555759E5E1934F3E6995775A7FD4DB1AA043FDA37B12E2525E5E5E3F29741BF46F9E7DF6D9EDFFFBDFFF9E2BBB13F8042AD556D21552F9B9C227E4C4982D15A2B7E4B39A979393535A577F4403143AC6F7A4934EB2D2A2458BACE35BB66CD1CFC81C71C411D6C9AB4B972ED671AD08BDFBEEBBD65520D5A3470F2B856DDFBEFD80AB967A12938A98B9E38E3B74B93EFDBE5927C771E3C699D6AD5B5B27BB33CFFCE962888E4B5EB56A55B9AB52F6F7D46A0CE855067DCFCAEBF59A934F3ED97A8ED2936DBB76EDCAAE3A68CF12FD1F6EBFFD76AB678A5E61D0ED77DF7D67BDD7EEDDBB5B275FA50D88F0EB20E67490DFCA95DAE693CF78AFFC5EDE94DFCBDCAA7E2F52311FB261C386D723270B3C983FFCE10FD6F749AF902AADE469A050FEEE4F9588C444336CD8B01ABD9EFCDD16B7DD765B60C284096F4803E18AACACAC797C8C0792FC6D6F3714AE95465A81E4D5BB72EC0DF9ADE7D46559585BDF7CF38D35E164552EBEF8622B70F1FDF7DF5BE54C7272A81DAB65A0DFEF37BD7BF736A3478F2E7B3C651B2AD15ABEFB2ED9BAE4F32E91726EB69473D9D5D50B28EB28EB1A9AD613B5BC59BE7CB9F53DD2324A836B5AFF53B366CD328F3CF2C80175510D8268CF3A7DACD6F7FAF5EB67958F6AEEDCB97C41088400F563F3E6CD2D7545978674DC71C7692BB71FB95F235A631E2927C4915DBB76FD512A3F0BA5F2F3725252524E6D5F587B5A6877579D1F46830B1A755FB870A1350C45E915CB51A346957B8E0E53193E7C788D5E5F1FAB41B6638F3DD60C1A34C8DC73CF3DD698E33FFDE94F66D9B265D6639E7FFE79EB8A41A43E7DFA98010306943BA6957C3DB92E5DBAD45C70C105E51A1861DAD0D04ABF4ED6A634B8A37F5B694341033C1A84D1FF558FEBFFA98195C8B971B4123875EAD4B2600B628E962D19F27BC990DF4BA1DBEDD696E374FDBD646666FAF4EAA8DD3048A8AE8B7845DA1B499716D72B557BF6EC09575CCBEED7C906FFF8C73F1E10C0ABCE69A79DD6EACF7FFE73D1DFFEF6371A0835D349CABEAB34C967BB57F2EC3D29135E0D7FB68DF9C6B47CAAD815BCA2708F8E8103075ABDE39456F6B5879C965DE79E7BEE01C113CA365421C9D8174BB45E20E5DCDFE5F694C8DF02651D655D6378E38D37CC840913CCD1471F6DD5FFB497AFBC67B366CD1AEBFEF3CF3FDFAAC785CB37ED21B276ED5A6B5FBF6F1A74D3633A745A9FAB17DBE8D1462004A837BB77EF4ED4135B43DABF7F7F6739B1964A03FC013E819AB38703FC41F2EE0F5AF97DF3CD37AD2B7FC71F7FFC61BFA65E89FCFCF3CFADE1283A237CE458CC1F7EF841973C2EBB7D285715F5FD69D0432A68563065FAF4E9D6CCF2BACC9E46FCAFBDF65AF3F2CB2F97CD1F12A615776D3054AC64E915287DECFAF5EBCB02217AA5E1B1C71E33E14A9E0EE7E9D4A993D5C8C8CDCDB5AE4C48E5CBBA4FAF2C68D2ABA4FA3EF431DA50F8E4934F4C3810A8AF75F7DD771F7643414FDC7CA7A3EAF7D23EE20AAAB9E28A2BB6C8F7BBB35E1D3D94864198363EB521AA57AF222B66FABBD0CA5A64CFA69A3AF5D4535B8F1F3F7E873410B4CBFB5C79BF6BF9E46AF4D96A019126F995A69FADFCEEBED7CA7363D05E70FAD9470E1DA8CA575F7D65F50609CFE5A1BD3CB4B2FFF39FFFBCDCE3A2AD6C3B54DA9350AF08531E364CBD407E0783657770F8B7D0A54B97D7E5FC7D1F651D655D43D2EF8ACEEFF1EAABAF5ADF1FEDA1A6E5D1EF7EF73BD3B56BD7B27AE5DB6FBF5D1608D17AAC0EC952DAEB5703287AB14CCBB4F0F1706F12100801EA9C16ACE16EBA0D45E77B90C25D7F73F7F3091C3E0D5EE84944E7F138543AEE5787A0FCEC673FB36E6BD76BBD12A4917AED5AADB4EB75E45094437D6F3AFF87FABFFFFB3FEBEF4556C8AA9AF86FF0E0C156D043830A613A644703367A4534F22AA9D213AD56F09576A7D4ABAD7A02D5DE281A3489A4FFA33E5EAF58E8927FFA7FFDFEF7BF2F7BEE9429530EE92A5745DA3D9EEF74F4924A5A57FD7C0FA76110A6DF9BFFFEF7BFE58EE9D5D2CB2FBFFCB05FB35FBF7E1DBB77EFBE7BE3C68DC3F9940EDB71DA681B32644883FF619D174987B168AF102D63C243092BD2F3ACF600A948CB35EDD1515134956D874A83301A60A73C6C9CDF827C1FEEFFED6F7F4B594759D7A0F4E2D7030F3C602DC5AC6597D6E574BE22ADCF8527E4D73647B82CD2808E06DD3468AAB44788AE4EA4C1137D8E067735B8A23D95274E9CC8274F2004A87B4949494129981C0D190C39EBACB30A66CD9AD5DEE1703CCA2750A38A62402A20013B78544697AE3BDC93A19E88F42AE48C1933CAE6F9D0F1E73A8955F8CAA656BCFFF6B7BF955D793C143AA9AA76E7D6CA79787CA80E8F292B70130F2C72C3C18F8A73D6E855541D2AB363C70E6B288F9E68C3F4E41A1E37AF811D6D00E87759F7239702D4C6833606F4FE2BAEB8E28046813EB6B60D050D2A49E5FF41BED28DFE7B2991E490D43CF2A0D3E9DC2615AD23BEF8E20BE7E1AE92A50D4DF91D96EB2AAE5749750CB336860F877C67B648C5AF95BCEE4CAE92D6E8F30DDA9F6F64036DED99679E794263BCE1BFFFFDEF56CF37BD7AA9939EEA9C4895895C66341C08D6631A48D16045565656B91E78D154B61DAA5FFFFAD756B086F2B0E1EB05725B7B8478737272EE94728EB28EB2AEC1E824BA3A2C4F7B7DE884D0DADB2D5C970CCFF7A1F53C9D703F5C0FD4FB746E10A53D42C273D669B9A8C36874E8F479E79D4789402004A81FD298DE5F5858D83CDC05AD21346BD66C879C087D5EAFF78178CF7F97CB55D5C950FBA3FA35BBB4FE21F9E5941360A16C176925222929697E5A5A5A71B847C7E1D29506AEB9E61A6B5F879E6800239246E735227F3893ED1D79E4915690457B95687747ADF4EBDFD046809EF0AC7F32A2DBAD063C7AF5EA65CD20AEC190F0CCF5BAD52EE43AF6FD8C33CE285F70CB8934DCC088BC6AAA29F2AAA9065234DD7CF3CDD5BE67BD4251310F6A4AFF26DFE946FBBDECB6031F1AD14DB22B8CE57E2F3AB6FAEEBBEF1E3671E244CF4D37DD74C85DC6F5B7A015BB8AE39575B24BFDAE559CF8B7A60D83279F7CB285BCA69B71F3D57EBEE5DA7AFAD94A99546EFE1729C7820DFD7EB56CD3ABA0E1EF92F6A6FBF6DB6FCD89279E58F6181D6EB862C58AB2C94B55F80AA81ED3FBF475B4E75C64F9134D65DBA1D2613C9A2777DC7107E5611DFF0E7458B11DFCA8B45E109E4342CABA2F28EB28EB1A92F686D3494FB5C78A0E61BEF4D24BAD72497BF5862FB6462E8B5BB1B7B1F68CD3E0AF5E40D31EC5FABC0F3EF8C0BA0006022140BD68DFBEFD0639B19DD0908110697C7F6737F2519EE6C97EBB31E7B4937693D09360568B162D16C949B06C69829A4E5A5A95EA821BDA9BE35FFFFA9775423A5CE1657975DC7AB892AE63DF754934BD62A8AFFDECB3CF963D5E276F551ADCD1ABAAE1257DE5E46F054EC2571422E99099CAAE9A6AE344AF2A1C8C7629D731F76191937821EAED924A62823400F48BD1D63E56E5EF453DF6D8636F8E1B376E9F54AC66C936A1A6574BB501A013FB460ED98ABC5ABA6BD72EEB4A985E29ADE9D577694C6C79FAE9A7B561309C8641E56D3E53FE6A6881E4F71C29B766E7E7E72F8A869514EEBDF75EF3D7BFFEB5ECB64E087DD965975957CDC343643408AC492BF51A88D0322ABCF4AD7E5FF4BBA3733D8587B250B6A102EDF9B15FCA9B24BBDC493C583947594759D7E85FDA40C07CF1C517D67E553D422AD27944227BCE6910E457BFFA15AB5E110801EA4FDBB66DFF2995AC1374B9D486F2EF7FFF5B0BFD7F92FB0748B093D64066497A4F2ABEF3EA739670BDBA13AE6C478E53D79E1C7A9F4EB277B093904E8EA51575BDB2F99BDFFCA6ECB856DAAFBEFA6AAB82AF5D1BB531A0F38EE895A6C71F7FDCBCF3CE3B560F91679E79C63A1EA615B60B2FBCD09A205027FBD3D7AF8A0656C222AF9A56A4575C75FC69F86A849EA4F5FD6A5046C7B3EA9C26E100905EADADCDD86A3498765A413FD4DF8B7CDFE648C360A86C67D5744585B7DE7ACB9AE7264C27F5D51E4F9B376FB6969754BAD5397B3232320EFA7ADF7CF34DDEC48913936918544B3F5CFDF1CFD1069F7CB64BA269C5045D0252AF5A464E56ADC18F871F7ED8F4EFDFDF1A0E98969656561E69D914EE5DA7410DFD0E6999181E074FD9862A38ED204875E59C0E95D0AB598BF5F42D4927541849594759D718F422980EA97EE289270EB82FF2BB151934A94883287A014C572FD4E07265651F088400B5B66BD7AEC7A5C17B95DFEF77EA64990DC0F7EDB7DFF692ED8DE4FE4FB4FBA36C72A4921CEEFE5858DF7F534F3E3AC74838025F31E051F10A65494949A52BD4686F22BD4AA4571CEFBFBF7C6F4F9DC7447B77E8FD7A4554AF06681024FCFADAFD5B8F478E8D573A69AA3EF6B9E79E33393939558EBB8FA495339D64ABB2ABA5DAF0D009FCB4DB7AF884AA5772C35748478F1E6D5DE5D2DE273A79219AF6EF451B0837DE78639A7CBFB26EBAE9A666D535103410A7C1C2C80A9C0ED7D2ABFF77DE79A735778DD206A74E047DCE39E7E812E155BE9E76119F3061423BF91F6818544EE70E582469AAE4FD8A68BB1AAA3D2DB472AE4186C8006E98062CB42CD18926C30DC7302DD33440F1E0830F9AF7DE7BAFACFCA46C432DCB39FDCD3C6EB76574CD7B9DA95C9703BC5FCABAFB28EB28EB1A92D62BF5BBA13D86B45E199E134E2F6EE9D2CCB7DE7A6BB9C7872752D5C7EA103EAD4B6A80F8A1871EB29EA3731FE972CE35E90987C3E7200B10AFA4505A3B7CF8F0E31BE24AD182050B664AA5EC18AFD7FB6B72DE1A277AAFC3E1C8954ACEAC43BD02B070E1C2A09E6CEA9A9E942A9BCCB4B64197AA7A961CEE1C2415E95588C871F80DEDE38F3FD60961399744E9EFA532C3860D1B989C9CFCDECD37DFDCBCAAF24F27E7D5615CE1CA9A56EEAEBBEE3AA3BDE8B492A6130A87AFC6EBF74FBBF76AB0AFB2C072789CBC36563C1ECF1C3ED1033EDF5469102C3E9C06417D9587F5E150CBBCC62EDB280FA3B69CD3289AF600D159D3E74A5A2369B4A4557650648909F534A0ACA3AC8BDAB24EE756D2A0B23E56535DD73F29EB6A860148885BBB76EDBAEB8D37DE28D5B1A1F5AC70FAF4E927CB097E0AB91EE2F57A1F914AC28C68EA06591F27A1EA4E847535FE33D61A0A68FCDFCB9B6FBEB968FFFEFD974D9A34C9179EC03292AEC8A1430AC20D03A5C3B5C24309751E075D7D29FC1DD606AB0E53D019F32BD271F2F66481C3691854F9F9E63495ABA2875B1E52B6A18A724E4FCC175578A8CE27F699A4D9922E91946A42C363D6D8B7F329EB28EBA2BDAC0BF7AC8BEC3D0202214083993A756A765151D16A9D98A83E4D983061B69C18F7E4E5E579C97500D1402AEAF34B4A4A2E7FE699677CE1C9DD546161A179E18517ACCA7E24BD421A49979C8E1CE3ACDDC75F7BEDB5B26EE44AAF8EEA6481B29B4E177100876880A44B253D6CCA0FE5D740473F130A88688F90D288E32A85B20E404D1082425CDBB56BD7EFDF7EFBEDAF4E3AE9A416914BFFD595952B57BEB36CD9B24B1C0EC779F1100507103BB481306CD8B0DF3DF5D453EF8E1B372E59BB8EB76FDF5E8F1FF4B9DA7DBCBAC785574CD08681FE1D721B400D7432A10088D69774884B81A43E26D42B44030C1AE4D0F9D6B4D7C88592FE2E69857D2C55D24C131A26F300651D8083A14708E29AD7EBCDDDB76FDFB57272DCAB9315D5A54D9B36FDEB89279EE8E77038C6CBC9710DB90D20DA68D7F1929292DFE9D5D265CB96D5C938416D184C9C38B1B9DD459C860180EA68A063A09D7425987976D2DB4F6A554DD270FBB1DAEB23C784821FFA3C9D29B7A7094DC0A92BCC68804487A5A49A507084B20E4095088420EECD983163665151D1D87BEFBDB74867A0AF0BDA13E4CF7FFEF3517E6CCF57B60000200049444154BF7FB28E7925970144AB880642496D1B08E12EE252F65D4917710055681FB1AFC35FB42788AE24A2737F0C9634D4DE1F6F42410EEDC1DE23E2391AF0D0C95193EDFBAE36A1DE224BECFBF5E293AE28D38FB20E405508840062E6CC99AFEEDAB5EBDA871E7A68F7DCB973F7D46202D5423931663EF6D86367050281FBE5E4F804B90B20DA690341CABD21DA4058B162C5611580E1C9024DFD8E936F6D18D60BC42AFDED5E2369A209053154A609AD00D3CF4EDAA3639609054B16DACF992E694485D7CA32A15E201A4479D0847A86A8334DA867C9E526142CA1AC035029022140F88C9A95E52D2D2D3D554E92FFBDF1C61BB77CFEF9E7C587F074DFC2850BBD23478E5CBB74E9D213744E10AFD79B49AE028815DAB55B1B0813264CD0AEE3FB0EE5B9919305467411BF5FD25B15D2CC5ABECDCD26D4EDBD36B4A1F58B7ACA46ED8EFFB2DD00D3F196EF4BBA4FD21135786EBAA46E7C13D104696062B01DCCD0155EAE32A15E1D2A3CC9A9CE07A2BD3F324C684E907C3BD8D15F929629BFA9101808F722D195624AEDFD4926D47364A3FD9852CA3ACA3AA02A441A81083A67889E6C5D2ED7503941DED0BC79F3BEBD7AF5DA3660C080D6C71E7B6CF38E1D3BA62427279BE2E2E22D858585BBBEFAEAAB6F172F5E9CF0EDB7DF9E2427553DF9BE909F9F3F83895101C46A3064D8B06183274E9C38E7965B6E31679C71C641D730D5864178D9C8ACACACC871F23AE9E132F35377F52A1B260D6C664443A92E9D2BE95D498F4A7AC484AE56FF5A922E43A1E796D70FF2FCE725B925E5F14D4413A1410CEDF9A13D407E1B11F4A8EC379961FF6ED2EDC796DA0DF987EDE0894E8C3AD00E8A845FBBC83EFE801D44B9CB3E46594759071008010E3320A2DD32670D1F3EBCC7175F7C3174C58A15FF6742DD2D7DF649BD9DA4FD9282F649F8063B880200314DBB8E6B03E1E9A79F7E5B1A08FBCF3CF3CC56553DF69B6FBEC99B3061829687C3ABE822BEC46ECC545691D6C6CE9D11C746DB0DA53976FD648C095DCDD406C56C49EF54788D67ECE787AF2CBBEDC766DBB77F2E69AC097531D70AF7AB2674F5F26C49BA8EE62F25B5AA5069D72BD15D4DA82BBEBE079DA3E00C492576E5FD3FD564DD6B926E97F452C4B13976EA60DF1E6EFF8D24BB81F2FFEC06DC48496D24DD644257CE75998A7F55F31EF4BDF70DFF11C97BD3B9736773FEF9E75BB71F79E411939696664E3AE9246BC58B050B1698929212D3BD7B77337AF46873FCF1C79B79F3E6999D3B779A91234796BD597DDC962D5BCA1D030E91CED57182BDAF737514D80DE5FC6A9E33C70E8024DABFF56BECDF75BEFD7CF58AA4C911811063DF37A30ECABAB9679D7596233D3DBD594A4A0A651D651DE2044363806ACC9C3973A314ACCF78BDDE3449C74A6A21C9616F8F92F43B4913088200686AC1906030983671E244C7F2E5CB7757F6181D27FFE0830F26CBE374C5843955BC94566A2F8E4817D8C73FB11B088FDAB775C2C47126D4BD3D5CA93EDFAE246B97EBDB2A79EDD1A6FC059DF3EDD754C79850903AC7AEFC6F31A13903945EB53C5AD27A494F57A80BE9D5CD9DE16C9074945DD90F57F27B55F17FFED26E54BC52C5FDE1D73CC26EE464DAC73EB1FFFE3792F6D98D964FCC4F574AAB7A0F01139A17C1F2D8638F99679E79C6DA2F2D2D354F3CF184D500503B76EC30975E7AA9B9F2CA2B4D870E1DCC79E79D6702818039E69863CC9D77DE693D3EECAEBBEE32DDBAD1631DB5A64181C511418C4E76A35DE7FD186AA71E159EF385DD70F6DA0DF81976D0E33EFB79FDED204B98CEC156ABBA577A7AFAA54EA7F366F93D242D59B2A499D4E54A28EB28EB103FE8110200000E60771DBFECA9A79E7A6BDCB871BB7FF18B5FB40DDF171E276F7711AF6EB240EDCA7E4AC46D9D7B69815DB9FD83092D83A95709FF226990095D39FE855DD1EF687EBA029A7D886FFF54491AC0996BBFE6FB953C46BBB2FF60425725754CFFCFED0AFE3BF6FEC9F67B0CD346DA9088064D247DDE8FF6FF55D6CE8AD85F2AE97B49CFD9752F6DE87D6E42574F7F26E9BF267415F49F110DA483BD87367A45F3EBAFBFB62AFA5F7DF59575D5F3CB2FBF34FDFBF7378989A12ADE8D37DE6835003EFDF453D3AF5F3F535858687485B4BE7DFB9A134F3CD1BCFEFAEBE6AAABAE328B172F363E9FCF0C1C38902F3F6AA362CF8FF67660A4A7FD5BD41EB73A29AA2E8DAB3D477E6B7EEAD9A1C360B43CD1DE0D91434B34905258C56FEF50831F7D1C0EC78DF6EFDE0AAC0483417DED85F21BB978E9D2A525947594752010020000E298DD75FC0FCF3CF3CC5B37DF7CF3CEB3CE3AAB438571F2075B31E1AFA6F2EEE24AAF045E6B57E0FF683712D471923E8A6818980A95EE9AD0C6805E0DDD6142DDAE3FB61B5E15E70F78C97EDC5BF67B0877F53EC984AEA46EAAF0F8AA2640D42B9C6D2A1CBBD8DEA64A7AC86E1C68F770BD5AAB5DBE7799D015D2CE263484A0A283BD87F9AB57AF1EF2DD77DF99214386585DC3E7CC996355FE535353CB1E7CD34D3759C7B5C1D0AE5D3BEB0AE9B66DDBACC75F7FFDF5D6D5556D1C4C9932C58C1933862F3DEA9AF6E4F8D0848615EB64A999765040877764D8410E0D84E8F0091DDA1139D969D8DA88F2E190656464B49786AF4B7647D9EF272CC7E1703C9B9C9C9C939999592865DD40CA3ACA3A10080110EAA637AC119F0F00D1140C79BB7BF7EEBB376DDAD44A2A98EE3A5A36F24A13BA5AAC15F3E97623A0C4AE14D7442B53F9E4887A3559BBA06BF76CED427EB3A423EDC648241DEB3EC16E90E87B098F45D739A0C263EB6BE223BBA2AFDDE117D8C746D9DBB7221A0B7A09F2D88886CF906A5EF360EF61C1D2A54B87E895D177DF7DD7BAE2A9DDC45BB66C696EB8E18650EB61FE7CF3F7BFFF5DE737303AD1B77AFBEDB7CB5E203D3DDD8C1F3FDEBCFFFEFBE6BDF7DE3393274FE60B8FBA16392CC4630742C2322B3C56E7C7D05E0BCFD7C51F96EF777F87C331AAB8B8D825DBF6F6616B6E8E6030385DCAB025559475B3070C18B071F1E2C56D6B1804A1ACA3AC430C628E1020444BCD96158EFDBE92C7B5ACE47155F93DD90AA0A90443643377E3C68DDA657C6E1D350C749C7C6BBBF2AB95E5A7EDE3FAB77A9A9FC6D85BF5D84A9EAF57592FB2F7759CFC6911F769576BED86BDDDAE9CEB329C1D2A798DBD7603411FA3731A84AF486A055FAF52A6453C56C7AF9F5CC5FFA2EF5FC7B14F33A1AEE091F5AC7611E7196DB48497EB3CDB3E16A67FBB7364E5FF20EF2167E5CA95A663C78ED678F85FFDEA575697F14F3EF9C4FCFAD7BF0EBD299FCFEA36DEBC7968410CED32AEC7CADE9CD369AEBBEE3ABD626E5D296DDDBA355F76D425FD42ADB71BF09A72CD817383449A637E1A2E7158B4F787CBE51A2DE93F0E87437B238C96ADBE8FF9C160D02D8D649DEFED868A41900A655DBAFC8EF47DA653D651D6A1E9A24708E29D0635E6DABF8512BB20D608B676E94B8A3851E8F1AF4DA8BB9FCF3EE9E8DAF5ABECFB75F5985B24DD6142933F1554F2FC22B21B40AC9246C4DAC86D0DBD5DE1B68E2DD7608A5EB9D4A52EFBD8C7AF90F4A5098D1FD7ABC63A99E254FBF17A7573A95DC18FF480A4974DE82AA74E10B833E23EEDBAADDDF1B79950B7EC23ECD7AC8CFE1DBDAC787B8546C3EFECCAFED3F66B74B0DF6755F4AAF71EBB3197643F472BFB3926D465FD7BFB3CA1E3F975FE807F98F2F320FCD57E2FFAF7EEB6FF7675EFE11B5D1D41BB8A875D7EF9E546BB8F6BA55F5D7CF1C5E6B9E79E339D3A75322D5AB430E79E7B6ED978FA8886A379F4D147AD460250C7524DF9555DF4377CBD094D805A55237BCDE1FCA12A7A7F6C94FD19A5A5A553B3B3B36B5C6EE9FC48F2BBE8A0C36528EB28EBD07439C802C4399D9849BB080EB66F778F085E8497CA0DD3307338BAAD33786B84FBAA8840C8357621AE02953C1F7560E1C285C173CE39878C88121F7FFCB119346810E79238E072B9B4327EBFA407BD5EEF030DF4675B9AF257162BD272B9A709AD4450D5F3C395FDDABC87437D0D7D4E3BBBD15271CCBF06D23798F2F3028439EDFFC95793F750D3F250270C3CEAA8A3CABA8C479A366D9A993D7BB6B5C424280FEB98FE36732B1CFBC084AEFCD7FAE250C4DC1F3A1C24BCCA899617BAEAD5F42D5BB6CCCAC9C9298D91BCA2ACA3ACA3AC6B60F40841BCFB4AD2FFD9010CED9AF751358F4DB74FDEBA445A0B138AC0479A4A7602409D3A58857C5F350D83DA360A6AF31A7BAB795E75EF375045A3A156FF878EA9AFCAFFFB7FFFCF3CFCF0C37CD3501F722B39A67357D42A0862F7FEB8DE0E82845BBC87D5FB83B28EB20EF18B4008E29D76C1D4EE8A3AA9938ED17CC1842690AA3873B5DEAF6BBB5F62DFA73D48D2C93E0040ACDABB77AF19376E9CB9E8A28BC80C34948D87F3A46A7A7FCCD7955FF2F2F216C550EF0F50D6210A100841BCD349A77482A99976D275CDB52BDF26FB04AB631E75DCA5AE9BFE8DF92940724A0D5E3BF2F9000044155D7561F8F0E16404A25655BD3F244D4D48487865E6CC991BC92550D6E170100841BCD365C43E35A175CE7582299DE0E91FF67D4F99D052675B4DA8F7C77DF6E374622AED76597C90D78E7CFE20C364A9000000D5A2F7078086402004F14E831EDADBA3B249AA7452C047EDFD7DF6C95883253A5B77C509A12A9B30A8E2F301000050097A7F00684804428090AA2667AA18C0D87E88AF4B00044034696D4241DAF1158EEB72933A69B42EAD984F36016808DAFBA3B8B878B42E7D6BE8FD01A00111080100203EF493B4C284E63AD28048E4703D5DFE5B7BB011040150EF5C2E57AADDFB63B06CE9FD01A0C111080100203EE815D715761A677E9AF459E73C9A6E42BD427445AC39641580BA56B1F7473018D4C3A572DBAB6510BD3F003424022100624D49201048723A9DE4442393CFC1DA901331E343499324CD95B458D20CFB784F130A866820E4324320246648391894DFA183F2302ACAC3F5B2E94E4E1CA88ADE1F6B83C1E0D4C4C4C419F4FE00651D655D6320100220D62CDDB56BD7091D3A7448212B1A5751519169DEBCF906722226E850983E929E9534D48456B48A34C23EE627AB62477272F2D61F7FFCB16BBB76EDC88C46B673E7CE55B2D9464E84D0FB0394759475D18E4008805893535050D08C4048E3DBBD7BB76E3E242762A35D62425770B4E787063C92EDE433A1090A75BE905CB229B6346BD66CF1AE5DBB86D038687CF9F9F95A20AE8EF77CA0F70728EB28EB620581100031452A53B3B76CD9F2C7134E38C11751C94223D8BC79F3EE7DFBF665921331E179139A1075B2A4EF241598501024D78482233A6F085767638C3436FF969797F7FBA38E3AAA9994876448E3C9DDB163C7A9B27D2E1EFFF9E1C387F7282D2D1D41EF0F50D651D6C592043E4F00B1E4F5D75FCF1F3972E4A0FDFBF7E71D71C411C792238D63D3A64D25DBB76F5F3E70E0C087C98D987196A4BF4AD241D69D2435B78FEBBE3660FE2069A10905460ED0A74F9F54D968FAE7AA55AB72C8CEC6376DDAB44D19191997399DCE23DBB66D4B863412F93D64171717270E1A34E8F178F99F535353137FF9CB5F5ED0B76FDF870381C04BD238BDC02E4BB4F7C79389898957BFF1C61BD3246FD6E6E6E632971428EB28EBA20E3D4200C41CA974DD92979797D3A953A7D51D3A74E84D8E34AC3D7BF69875EBD6F94A4B4BFF446EC494702F10637E1A12A349BBAA4FB18FAD259B628BCFE71B210DCD656DDAB4694903A1E1151616CEDDB163C7EFE4BC34281EFEDF88DE1F570783C113C25F43B93DCBD0FB039475947531841E210062CE8C19330A468D1AB562EBD6AD83E564B8A9458B165DC89586B167CF1EFF975F7EB9434E84A32EB8E082C5E4484CF9CADEEAA4A9DA68C9B1D372497B25DD6642F388ACA8ECC9F40889DEF270E4C8919F6EDFBEFDB276EDDA2527252591290DD83058B972655F87C3F1A7A65C1E56D1FBA3A3A435C160F0293907BBE57B3893DE1FA0ACA3AC8B250CB20210B3162D5A34502A619E2E5DBAFCFBA4934E3A5F0AE8D6E44AFDD9B061C3B7EBD7AFD7CA6FC6C08103E79123314B97C92DACE23EFD0D15557687CBE57A4036F74B7AD0EBF53E4036465F79289BD9C71C734CE951471DD59171F4F52A571AFD0BF5EAA8E4F3B54DB53C8CECFD2137237B7FCC9173EF14290772F82A80B28EB22E56F1CD0110D33EFCF0C35E4EA773A214D0A774E8D06159D7AE5D3B74ECD8B14F4242C211E48E7D16CBCD353367CE34975D76995ED5AFF1F3028180AE0CF3FDB66DDBF22475970AF177726CDC85175EB88A5C8D3F044262A63C7C363131F1B4CE9D3B6FECD4A953B776EDDAA5C83132A796A4EC5BAFCB46EA8A093A59603018DCACC3349B5A79A8BD3FBA75EBA60DCD51F23FEA52DBE161F4DAFB637A8B162D5ECCCCCC2CE41B01CABA4393979767962C5962FAF7EF6FE437465917050884006812162C58D0CFE1700C31A1AEFB679AD0D2A010F3E6CD335BB66CB1F6F5047CCA29A7D4F4A93ACE5B8749E4489A3D68D0A025E466CCEA27491B370507799C7679AD749E100221948771AE499787F4FE00655DFD5ABE7CB9F9FCF3CFCD69A79D664E3FFD74CABA28402004009AB861C3865DEB743A5F8A38343F2121E1DA9933676E2477E28676051A68AA98FFC39622E90E49A75576278110A06909F7FE08068337DBE503BD3F807AC23934FAB06A0C0034713A8F8AC3E17851B6E13EA317959696AE4A4F4F1F9D9595E52587E282CEFBA141109D03447B85E4DADBC8D51D7405991BC82AA069D3DE1F7EBFFF1AD9D5955F7AD887AD955FE8FD01D49BF0F996C54AA20481100068E2B2B3B38B5C2ED7BF657740F8985478DBC9C6E376BB2F4B4A4ABA81AB7E71430322DA75D825E954FB98F604B9C58426505D4316014D939C0752657387DFEF2FD7FB43D2B3C9C9C95ECE0340FD917A577E3018D48B5329E4467420100200F1E1EF2622101226276497CFE74B950AB29BAB80712157522713EA1DF28C7D2CD51000019A24B7DBDD2910085C238DB0EBE5664FFBB04FD20CEDFD919595C5DC4F400390DF9BD523447E8BB4BFA3041F0400C4C70978BE9C7C756C6AD01C383F945E9DF887CBE57A3E3939797C6666A68F1C6B92F2EDAD0E8961A969A089D2B93FBA74E992EA743AAF97B27F7044C38BDE1F0060231002007160CB962D9F75EDDAB5502AC4EDAB79D8189FCF7791DD3BE43372ADC9890C70E9F7E0017BFF18131A16B3822C02629794DD3DA58C1F1C0C066F343FADFC522AC7742EA8ACBCBCBC79393939A5E4140010080180B8A095DFF4F4F41CD91D5CD563A4F21C940AB3569EFF2315EA47F3F3F31FA1D2DC24E9D018FD2E44063EB83A0CC4A861C3860D743A9DB7C96EAA14E3E1E5437325BD909C9CFC0ABD3F80C627BF4D9D905887C6B09C799420100200F143E709D16ED281881564CA38F40CFDD3B9E1FE9494947497CBF55BAFD79B4BD63589F3FD99E6A7E131FDAA789C0E9B59457601D14D7B7FC866A824EDFDD1D33EAC81EB1992A6E6E7E72F26900D440F9D2C55B74C961A5D152300401C080402F3131212AC9E1F357C4A2F82204D46B29D7A1EE4717D0C8110202AE9DC1FDDBA751B284578BADC1C11518F5FA5139F3A9D4EAFC7E32920A700E0E0088400409CC8CECE5EEB72B936CA6E8F833DD6EBF53AC8B126659521C001C4A4B4B4B41312121234F071633018EC641FF6C97EA6A4AC37DF7C7311B904008786400800C417AD306754F70082204D96F6086145202006646464249794945C14080446391C8E4B23EAEC3A917596DFEF9F919D9D9D4F4E01C0E121100200F1E59F261408D927A979C53BA5C2DD9B2C6A92C699D0E4A83911C77409DD97252D9334812C021A9F3DF7C7089FCF77B56C7BDA53371549D225D09FCDCBCB5BC2DC1F40EC91DF6FA93D3299F67794E083008038E2F7FB759E105D4E31B1C254214B24F59763D364FB4B72AAC999630E9C1F6492A4F74C687245008DC8ED760FD6DE1FB25BAEF78794D5334B4B4B5FC9CECE2E229780D825BFE37C9DA74D30596A94201002007144BB52BB5CAE35C160B04FF8980E85D1AB9072EC73A974F74F4F4FBF332B2BEB0972AB49C935E503212E49D34DF91E22001A9094B57D9C4EE770297B874A3AC1EEFDA1C3D73438F98294CD9F914B40D3A017A1687F47173E0800883352B9EEEB72B982917381E8EA3072EC2ED99D2C95F1FB657F1195F0266DAD09CD3500A001D92BBFB882C1E070B9A92BC094ADFCA2435F9292926664666632970F00D43302210010872A9B10558EBDE872B97E23BB4325BD9E9696F60BBA6337193A1FC8F52634D7407B497A652AB592C7E9AA426BC92EA06EB9DDEE5EB219150C06332485BBC6EBEF31D3E1706431F70700342C02210080327EBF7F6C4242C200D9EDE5743A1F96ED2DE44A93A04B6E7E21E91E49FAF9664ADA53E131AD246D97C4B028A00EE8CA2FC5C5C5831D0EC7F5C1603035E2AECFECDE1FF33233330BC9290068780442000065740E11B7DB7D9554DADF958AFA18D99FEDF1781693334D824E88AB410E0D84DC2C69BC09CD1D02A00E857B7F1417178F9672547B601929530B65DF2BBB53197608C41FBFDF5F604F96DA89DC880E04420000E5783C9EF92E97EB15D91D2D95774F5A5A5A6F86C834291AD8D2A57475D598A724AD224B80DAA9ACF7873DF9A90620A7B468D1C2CBDC1F40FCD27A94D4AD74B735B9111D088400000EE0F7FBC72724240C94DD1364AB4BEAA6912B4D8A06B66E9034D1847A8610E8020E83F6FE08068337171717BB2AF6FED0E12F1E8F670DB90400D187400800E000F6950BB7ECFE47D250D91FEAF57A67913331ADE25528BD3AAD73C08C96F40CD903D48CF6FEF0F97C7A69577B7FF4D763F4FE0080D84220040050291DC7EE76BB274845FF4E492FCB7E8EC7E329206762927E6E8B2A39AE8D359DB740AF64336923508DAA7A7F389DCE1765773ABD3F001C84AE0C95A8CB68B34A54E323100200A8525E5EDE7D292929A952E9EF1F08045E964397932B31A9BAA12FF9640F50B96A7A7FE4C86DEDFD3187DE1F006A48CFB73DBA77EFAE4B686F243B1A178110004095F48A85BD8ACC52A9FC0F96FD6B3C1ECF2BE40C80A68CDE1F00EA81D50BC4EFF7D3068F020EB20000508346C1386904E8C49A7AE5B3B7D7EBCD25579AAEF4F4F43BA5F1F7784D1F2FDF07EA13887991BD3F24F58FB88BDE1F006ACDE572AD934D4F49C7528F6A7C44A3000007959797F77CB76EDD2E91C680AE24E3494D4DFD35E35B9B2EA7D3B9423E6B320271213D3DBDBFC3E11845EF0F00881F0442000007A5418FE1C3875F555A5ABA52E70BE9DAB5EBED72F80972A6699286DF7C97CBB543763BD6E0E18C7346CCC9C8C8686FF7FE1865ECDE1FCCFD0100F183400800A04666CE9CB9D1ED768F9546C2EBD26078F88A2BAE98FFC61B6FAC20679A26F99CDF92CFF99A1A3C6E3EB985585159EF0FB151F667187A7F00A85FBA825B4F499D24E5921D8D8B400800A0C6A49130C3ED76EB1019572010F0A4A5A5FD223B3BBB889C697AE433CEAA2E1022F797CAFD899266925B8866BA5465D7AE5D873A9DCEABEDE17DDAFB4387F6CD97DBD3B76CD9328BA17E001A40B8BED49AAC687C04420000876AACB62D24F54A4C4CBC47B67791254D4FCB962D17FB7CBE6DB2DBB9B2FB3508229B82FCFCFCC5E416A291BDF2CBD5B29B21A9933DEF8DD5FBA3B4B4746A7676F65A720900E213811000C021F1783C05F692BA1F48BA53F6DF936334869B189D1FC1E572BD6737222B259FFF1CAEA4239A68EF8F6EDDBAB93400226940445DD79AFB83DE1F000063088400000E833D99E6F3B23B461A17D3D2D2D24E63884C9334DD541E0809186B7119E76CB208D1203D3DBD8FCEFDA1DF5729933AD987B54CCA94E32F30F707002012811000C061494E4E1EEFF3F974BC7DAF848484FB653B9E5C695A74D84B4A4ACA6ED96D5BE12EA7A48D7979798BC82534968C8C8C6429832E75381CD70783C1D4887AED67726C8A6CE7680F36720A40349072295F87E8494A21371A1F811000C061B1874E8C94DDFF48BADDED76CF65884CD3A24308E4337E4D76C754BC4F578B6188011A4378EE8FE2E2E26B74E5177BEE0FEDFD31C3E9744E61352B00D148CA2A6B496E29B792C98DC64720040070D8BC5EEF67D2507E50761F66884C93ADB87D2895B6C84088352C46D2DFC91D349470EF0FD9BD59BE93FDB50E2BDF4BBD4B976F9E2AFB39F4FE0000D41481100040ADE4E7E73F9192927289ECF64F48487852B637902B4DC7962D5BE6CBE7BB4576BBDA87340852100804E6913BA86F6969692748B972B3CFE773C9CDF0DC1F1B2565FAFDFEE9ACFC0200381C04420000B5A2C323A4B132521A2B2BE5E668B7DBBDCCE3F1BC42CE349DCFD7E5727D60CA4F9A3A9F9E3FA82FDAFBA3A4A464A8EC8EAA30F7478EC3E17836292969BE0ECD23A700C49870B9C5D0982840200400506B7A55363D3D7DBC34522649C365625A5A5A0E576A9B9472ABC7C8E7CC6A31A8733AF7876C46F97C3EFDAE8527132C903265866CA7666565AD229700C4B02DF696C952A300811000409D9046CAF32E974B87C85C949090F0726A6AEA2026D36C1A9293939748E3B4EC765252520EB982BA909696D65ACA8B8B4C68EE8F01F6E15287C3B12810084C6DD1A2C51C7A7F0000EA1A811000409DF1FBFD639D4EE75269C4A476EDDA75B41C7A9E5C897DF60A416B64B7977CB6DFCBED427205B5919E9EDE473637CBF749E7FE68ADC782C160A1941F2FCAEE748FC7B3865C0200D41707590000A84B6EB7FB1A69D0BC2CBB457EBFFF3486C8544EF22879DDBA75638A8A8A46ECDDBBF7A43D7BF624070281A87DBF5BB66C31CB962D33679C7186E9DAB56BF4566C1C8E605252D2F6E6CD9B7FBA7FFFFE0903060CF807DFB6E8909191D1DEE7F35D23BB43249D694217E4B4F7478E6CB3E4739B41EF0F004D95CBE57A4036F74B7AD0EBF53E408E34727D812C0000D435B7DBED9186BE5EE9CDC9CFCF67884C05EBD6AD1B5D5050F094340A5BA6A4A49876EDDA99366DDA18A7D349E6D49206938A8A8ACCEEDDBB7545A37D7EBF7F757171F1880B2FBC90F9251AAFF29FEA7038AE973261B0F96992C07C49AF2424244C993973E6467209401C9485DA5376B2A417BD5E2F2BEC353286C60000EA5C6969E92DD2C04995DD5469E8DF29DB47C895900D1B36CCF9FEFBEF2F3BFAE8A3CD91471EA93D18C8943AA4C1A4B66DDB5AA9478F1ECD376FDE7C6A6E6EEEA71F7DF491FBFCF3CF9F4B0E350CEDFD515C5C3C5ABEDFA3E466AF603068150D92E6C9B117749E197A7F008833AC1A134512C80200405DFBEAABAF8AFAF6EDFB9DECEA1298A9A79C72CAC2FFFDEF7F717FD5578320922EEBDDBBB7E9DCB933419006A03D6D3A76ECD86CEBD6AD978C183162E56BAFBDF60DB9527FB4F787FCF61F2F2D2D7D45BEDF3A096A27496B83C1E093898989577B3C9E29AB56AD5ABB62C50A7A8901882B7DFAF4E9271BED19B742CA410232176EBC0000200049444154F38D8C400800A05EC8497ECD29A79CD2511A43BF9234401AFFD3BFFAEAAB7DF19A1F3A1C263737F7360D82686F858A4A8AB698FCAFDE36F9ABE79A8275FF307B77AE3349ADBA98C4A4B67C996AA979F3E61A0C49CACFCFBF78F8F0E1EFCD9831632BB95277244F7B9C7CF2C97FEADBB7AFCE0D74BBD6F7F5B8FCEEDF94345EF2FDB6F7DE7BEFE3952B57EE26B700C42B0221D185A13100807A130804EEB397C6EC25DBC7653B361EF3412746FDECB3CF9ED2E1305505417E58FEAA29DDB7A7ECD8DE1DDF990DCBA69AA3CFB8DA24B7EDCE97A9965AB56A657AF6EC1958B76EDD7372F37C72A47652535313BB75EB36507647F9FDFEA10E87235CA7D4DE1F531313136730F7070094AB0BF8B427A82486C6440166650300D49BECECEC2239F1A7C96E91A431E9E9E997C6633EE8EA303A31AACE0952991DEB3F291704090BF8F7998275397C91EA488F1E3D3A4A03FDC4850B17F627370E8FF6FE90DFF19D292929ABE5B7FD813D29B2AEFCE295F4DBFCFCFCDE5959594F10040180F2A48CD449A2352092426E343E7A840000EA95348A56B95CAEA764F77EA904BCEC76BBFB7A3C9E8278CA035D22575787A96A4E90E2DD9BAA7CAEF61641DDE9D2A54BFEA64D9B74F9D625E446CD54D3FB638D54E8A7B768D1E2C5CCCCCC42720A00102B08840000EA5D7272F2133E9F2F5D767B0502019D47E0F278FAFFF7EEDD7B920642AA12F4EFAFFAC9C1005FA03AD4A953A7EE9B366D4A25270E4E7B7F9496968E70381C570783C113ECC3DAB57B96DC9EE2F57A73C82500402C22100200A877BA4CA6DBEDBE5C1A4F4BA51135D8E5726548232A335EFEFF3D7BF624EBEA25687CF23974934D6772A272F4FE0000C4030221008006E1F178D6A4A7A7DF250DAB49727392CBE5CAF17ABDB9F1F0BF070201E374322D5734B03F07EA3F15D0FB0300EA5778B254C164A951808A0000A0C16465653DEF72B92E915D5D49669AA4F3C815639AB5E860F6FB2ABFC89E98444F12D48F70EF0FA99CDFECF7FB07D2FB0300EA4F78B254C164A95180400800A04149836BACD3E9D42132A96EB7FB1A8FC7F34ABCE749C7A37F65F6EDD97AC0CA3109CD5A988EC70CE04B833AA5BD3FE477788DEC6AEF8F1EF6617A7F0000E2068110004083CACECE5EEB72B96E91DD69D2E89AE876BB17EBB09978CE93D69D7B9B56DB569B5D9B971F70BC4D9753F8D2A0D62AF6FE88A803EA6FEFD9E4E4642FBD3F0000F182400800A0C1E944A9E9E9E997E9C4A9D2309B268DB45FE7E4E494C6739EF8F7171F70ACB4E447BE2CA895AA7A7F489AA1BD3FB2B2B2584618001077088400001A45201018999090B05276FBA7A4A4DC2BDB07E2311FF6EDD966F2D7BC63F6EE5C77C07D7BB67F6B367CF6B249E93DD8346FC54227A8197A7F0040F491B237DFE7D33834738444030221008046919D9D5D949E9E3ED6E170BC2B37EF91FDF9F176755A87C26C5BFBE101738344DA5BB8DEE47E3AD9743E7EA0697F547FE370B0FA0C2A47EF0F00885E9999993E97CBA5BBAC1A1305088400001A8D34CCE649A5205376331C0EC7B4B4B4B45F6880A4A9FFDFDA0B64CB37EF5B3D3E6A22E0DF673DFEC76DAB4D979F5D6C92DB74E3CB038BF6FEE8DAB5EB50F9FD8CA2F70700003543200400D0A8741599848484FEB2DB4BB64FCAF686A6FE3F6B0F0F0D6E1C2A1D3EB37EE91473D2F90FF0C58973696969272426266ACF8F117293DE1F00001C020221008046650F914973381CFF919BA3DD6EF75C8FC733BF29FFCF871304090B064AF9D2C4A9C8DE1F7253E70009D7E334E8319DDE1F0010F534609D9C919191AC4365C88EC643200400D0E8B2B2B256D94364C648E3EE75B7DBDDDBE3F11434D5FFB7D7C047F8D0516395F5FE90FD4287C3E195ED747A7F0040CCC897D4D3E7F3E984A9B96447E321100200880AC9C9C9E3A562A0731CF4D2257565FB3B7205F1EA60BD3F5AB46841EF0F00000E138110004054D02EA26EB7FB7269F02D959B97BA5CAE0CAFD79B49CE209ED0FB030080FA4720040010353C1ECF1AB7DB7D9F34F8266A72B95C395EAF37979C4153A663C58B8B8B07D3FB03008086412004001055F2F2F29E4F4949499746A1AE24332D353575504E4E0E3384A2C971BBDDBD6433AAB8B878B47CDFDBEB317A7F004093664D902AE57C3259D1B808840000A28A063D860F1F9EE6F7FB3F979BA9DDBA751B23DB67C819340511BD3FAE0F0683A976855837F4FE0080A64F274BD5B9D074B2D4356447E321100200883A3367CEDC989E9E3E561A881EA92C3C29FB8B7465197206B16AF8F0E13D0281C08D95F5FE90F4AC0E0B2397000068180442000051292B2BCBEB72B986C8EE5049AF676464FC5227542567102BB4F7474949C9D0402030C4EFF75F248792237A7F4CB17B7FF09D0600A08111080100442D693C8E753A9D03A5F1D8CFE7F3DD2387EE2357D090323232DA1FEA501597CBD5539F2ADFD9AB65DB43831F76EF8F4C7A7F0000D0F808840000A2567676767E7A7AFA48D97D5BD2BD6EB7FB4369442E2667D0107432D3E2E2E245C65EC6B63AA9A9A9895DBB761DEA743AAFB6E7FE60E5170040454C961A2508840000A25A5656D63C97CBF58AEC8E9606E6B4B4B4B4D3B2B3B38BC819D4A761C386E932B6B3A5B2DA56BE7F41AFD7EBA8EC711A2C090402D7CBE346C8CD4EF21C3D5C245BAFD3E99C4EE00E001041274B35F664A968440442000051CFEFF78F4F48481828BB27C8F649D9DE40AEA0BEA4A7A78F71381C4FC96EF3CAEEB7E7FEB82810088C92CAECA5F2D844BB62BBC2E974BE505A5AEA2558070040F422100200887ADAA8D42132D2E0FC446E8E76BBDD733D1ECF7C7206754987B7A4A4A44CD2EF5865F787577EF1F97C197233C59EF8B440D23CA7D3F9ECE6CD9B57E9F2CFE4240000D18D40080020266465652D71B95C4FC8EEBD3A44262323A337732EA0AEE8A4A83E9FCF23BB175576BF0E8FF1FBFD3AB63B3CAEFB33F91E4E0F040299F4FE000020B610080100C48CFCFCFC0753525206CB6E9F929292C9B275932BA82D7B52D4390E87E3A4833C547B7BBC2869AAD7EBFD8C9C0300203639C9020040ACD06107C16050831F3A19A54B0C2557CADBB76F9FF9EEBBEFACFD402060A58A76EFDE7DC0B1575E79C56CDEBCB9ECF6840913CCD6AD5B0FFAF7962C5962E6CC9953E5FDF9F9F9A6A8E8C00E1377DC714754E4974E8A2A79B4A4064110D5CAEBF5DE401004007038E45CC364A9518240080020A6646565AD92CD53F6CDC96EB7BB13B9F293E6CD9B9B575F7DD57CF6D9675610441AFA66FEFCF9E6A69B6E323367CEB4F6D3D2D2CA1EFFF1C71F9B0D1B3698FFFEF7BF66CF9E3D66FAF4E9E6EBAFBF36FFFBDFFF4CCB962DAD20863EAF2A85858566FFFEFD55DEDFA953271D5662ED2F5EBCD8FAFB9A962D5B666DE7CD9B67EEBAEBAE46C92B7B52D47992DAD5B40ECB370C0070B882C16089753261F9DC46472004001073BC5EEF03528958A4ED6C491E9DE4925CF9C9B871E34CB366CD4C6262A2E9DEBDBBB9E8A28B74E51D6B7BF6D9679B1E3D7A943DB66BD7AEE6CB2FBF34DBB66DB302201AF8D05E2529292966C58A1566C89021E698638E31DBB76F2F7BCEA851A3CA021A1A70D1C7856F5F78E185E57A92E87B183C78B0B57FE699675AEF4153B76EDDAC6DFBF6EDCDC30F3FDCA0F9A3012297CB3559BE439324251DCA7375AE10BE610000C4362A8E008098140C06AF95F4B9EC0E944675866C5F21574276ECD8614E3DF5D4B2DB3A7465D3A64D56AF8F638F3DB6DC63D7AD5B67052B34D871C1051798C993279B6FBEF9C69C7BEEB9E6ACB3CEB2822603060C382090A0418CB01F7FFCB1ECB6F61EE9D2A54BC5E041D9FEECD9B34DAB56AD4C5E5E9E15385105050556E0A5216CDCB8D1646666EAEE68BE290000C4277A8400006292D7EBCD753A9DE3753F180C4E96C676CF78CF13ED89F1CE3BEF983163C6580D7EA53D3D249F4C7272B2D5D3231C7C08D3A134A5A5A53AFF8A958E3CF2483368D0202BF8A181111D5253D9DFA9AA4788CE0912A67395BCFFFEFBE6BCF3CEB38E6767675B41101519A8F9EB5FFF5AAEC7497D9A3163867E5F0EFA38798CAE48942B49E703C991344B52A6C3E178825F1F0000B18D1E21008098E5F1785E71BBDDBFD18953E5E6EB191919833233337DF19A1FDA13E3F7BFFFBD993B776ED9F097CE9D3B9BFEFDFB5BC73528A2C354AEBEFAEAB2E79C7FFEF9E691471E31BD7BF7B67A86AC5EBDDA9A43E4A5975EB20221DA7B42E7F088ECE5A1FBD5F508093BFEF8E3AD249F93D5E363E4C891E6C5175F343D7BF6B4822D4A87E5FCE52F7F311D3A7468903C1A31628479FEF9E735303345BE374BE490CEE45A10DE26272717B22C3300A03EC879C7E77038CCA10ECB44DD231002008869A5A5A5B7242424A4CAEE009FCF3746B613C89588137D62A2B9EFBEFBCCE5975F6E0500A64D9B56769FF6EC58BE7CB9B9F5D65BAD9E12E79C738ED543447B765C71C515D66374F5987BEEB9C79AC7A32E86AFE8F09C3FFEF18F65B7B3B2B21A2C08A2344074F1C5176B2086A131008006C5AA3151543F220B0000B12C3B3B3BDFED76DF20958AB7E5E6E32E972B87E54D4374D8CAE9A79F6EADD6A23D36B4A788F610090BF7EC58B0608139EEB8E3AC15643EFDF453E3F3F9AC8088D2E0880E9309DF5691F37BE8DF282E2E366DDAB4B16E57B5E4AECE2BB272E54AABF788FE8DB09D3B77F24101008006C51C21008098E7F178E6C82653526230187C392D2DAD753CE787061DB417C7FAF5EB4D9F3E7DAC63BA446E557408CCBBEFBE6B4D8EDAAF5F3F6B395C9D4F440316BABA4B641044BDF6DA6B65ABBFE84A30FA9CF0ED0F3EF8E080D7D765791F7BEC3173CA29A758F391E8CA34E1A4B70100001A128110004093E0F7FBC7CA6695C3E1E8979090707F3CE745A74E9DCC0D37DC604D56AA93926A50E4E8A38F362FBCF04295CFD1A044EBD6A1F85138B071E79D775A738754ECE5A113AA5659B1701E58B5D06579AFBCF24A6B98CE11471C511634D1A4CBF702000034240221008026213B3BBBC8E170DC20BBDAC5E0F661C3860D8CD7BC78F2C927AD5E1D975C7289753B3C71AACE07326AD4A8B25E224A5775D1612EBA7CAE6E75D88B0E5709AF02F3FAEBAF9B679F7DB6CABFA5BD4F345567E9D2A55620269206573440A313B80200100F74B254DD4A7D2599DC685CCC11020068323C1ECF6297CBF58CECDEEE743A75884C5F0D90C4635E1C7BECB1071CD3612CD3A74F2F774C270E5591ABC01C8A8103071E3074A6A2962D5B96ED4F9932C5DAEAFC248F3EFA285F5A0040DC60B2D4E8418F10004093929C9C7C9F6C74B2D49E8989892F9323F5EB6041908A74780C000040632210020068523233337D0E8763A4EC16058341573C0F91010000C081088400009A1C8FC7B3C6E170DC679DE84243645A932B000000B0EA87640100A029CACBCB7B5E364B24F54C484898448E00000040110801003449393939A57EBFDF1A222329C3ED768F235700004063094F962A982CB591110801003459D9D9D96B65335EF783C1E0E3E9E9E97DC8150000D018C2CBE70A96CF6D64044200004D9AD7EB7D5136B3B4D2E17038A6A5A6A6B26C090000401C2310020068F2FC7EFF58D96877D433535252EE2547000000E2178110004093979D9D9D1F0C066FB16FDEC31019000080F8452004001017B2B2B2BCB2C99494E87038B2595217000034A4E4E464264B8D1204420000F15401D15E215A09E9959898780F390200001A4A66662693A546090221008078AA8014CAC62DA934180CDE396CD8B081E40A0000407C21100200882B5EAF374736AF582741A7F36586C8000000C41702210080B8630F915923A9674242C2247204000034106B784C464606C3631A1181100040DCD131BAC160F02AD92DD5BA88DBEDBE885C0100000DC09A30D5E7F331616A2322100200884B5959594B64F3A8EE0783C1696969695448000000E20081100040DCF27ABD0FC866B1A49484848469E408000040D34720040010D71C0EC7B5B229927491CBE5CA20470000009A3602210080B8E6F17874D2D4F1F6CDC92E97AB27B9020000EA89354748301864486E2322100200887B5EAFF74587C3B1487675067786C8000080FA62AD1A23F50E568D69440442000010A5A5A52383C160A1ECA6A6A7A7DF498E000000344D0442000010D9D9D9F90E87E316DD97EDFD6EB7BB17B9020000D0F410080100C0E6F57A3365A32939180CBE9D9696D69A5C0100007588A13151804008000011929393B557884E64D62B3131F11E72040000D421264B8D020442000088909999A9F384B825954A25E5CE61C3860DACF5C9D6E90C06020132370AC8E7B05E3F5B72020080F845200400800ABC5E6F8E6C5EB14E944EE7CBB51D22939C9CBCF5C71F7F2463A3C0CE9D3B57C9660539010040FC221002004025EC21326B24F54C484898549BD76AD6ACD9E25DBB7691A951203F3F7FB76C72C8090000E217811000002A919999E90B06835799D0308A0CB7DB7DD1E1BE96CFE7FB5B5E5EDE7E793D32B671E5EED8B1E354D9CE262B00008DC4676F992CB51111080100A00A5959594B64F3A8EE0783C1696969698735B1D939E79CF3A93CFFCBCD9B3793A98D68D5AA550BE573D83C68D0A025E40600A0916CB1B74C96DA8808840000508DFCFCFC47B40DAD1596C4C4C48987FB3A3E9F6F446E6EEEDEDDBB7793A98DA0B0B070EE8E1D3B7E1708046E21370000886F04420000A8464E4E4EA9C3E14893DDA26030E8121987F33A175E78E11A69845FF6BFFFFD6F17C19086A54190952B57F695CFF15AF91C5691230000C437022100001C84C7E3D14953C7DB3727BB5CAE9E87F33A03070E5C545A5A3AF48B2FBED8BD61C3861DCC1952EF7257AD5AF5F2975F7E79B6ECDF2CF93F8F2C010000096401000007270DEACFFAF6ED3B40767F26A99FDC9E7E38AFF3DA6BAF7D3F7CF8F039BB76ED3A75F3E6CD6D7D3EDF374EA7D3919494D4DAE17044EDFF5F5050603EFCF043D3B97367D3B265CBA87D9F814060FD8E1D3BFEB56EDDBA655F7FFDF511C5C5C589726CF805175CB0986F3100A0B1F5E9D3A7976C2E95B446EA12EF91238DC34116000050333A59AAD3E95CED7038DA0783C1BBB2B2B29EA8CDEB2D58B0A09FBCD610D94D9574A689E219E4972F5F6E3EFFFC7373DA69A799D34F3F3D9A3F265DE56785092D913B9B89510100D1C41E623B4D52A6D7EBBD8A1C691C0442000038BC0A8CCFE1709C660F9B8987FFFB01D9DC2FE941A9B83DC0370100805AD52308843422E6080100E01048A525D3E17078653739180C66A7A6A626922B000000B1834008000087A8B4B4549760CD97D4272525E55E72040000D4443018F4E9D6E17024931B8D874008000087283B3B3B5F2A30E1EEACF7BBDDEE01E40A00003818A93FE885140D88A4901B8D874008000087C1E3F1CC974DA65D9979392D2DAD35B902000010FD088400007098FC7EFF58D9AC95D42B212161123902000010FD088400007098B2B3B38B6473AD092DD99AE172B986922B000000D18D40080000B5E0F57A731C0EC704FBE6A48C8C8CF6E40A0000A84C78B254C164A98D8840080000B5E4F178EE92CD62492925252593C91100005099F064A95A6720371A0F81100000EA80DFEFD755648A82C1A08B2132000000D18B4008000075203B3B5B274D7DD0BE392D2D2DED047205000020FA10080100A08E78BD5E9D2B4497D56D9D9090308D1C010000883E04420000A843F610990249035C2E57063902000022EA094C961A05088400005087B2B3B3F31D0E477849DD490C9101000091F5047B97C9521B1181100000EA98C7E399239B174D6888CCCBA9A9A989E40A0000407420100200403DF0FBFDBAA4AE4EA09ADAB56BD7D1E4080000407420100200403DC8CECE2E928D3544C6E1703CCE101900F8FFEDDD0B7854E5B9E8F16FCD0409977251908B0808B448C810BC60ADBA95F67157B45641093321B84DABADDB63B995E2B178CD6ED516457844B79E6D2B118B3311B5D04DCFA11EA55151828082040E2A681430838D8A11216026EBBCEFAC35304973CFE43AFFDFF3BC5D6BD6ACB5B2F20D75ADBCF37DEF0700ED03891000005A4828142A90C5EF247A7A3C9E95595959FD6815000080B6452204008016140E877365516859D678DBB617D3220000F078A0FF93999949C1D436422204008016545050A04363744A5D1D2A33C3EFF75F49AB000090D4A253E87ABD5EA6D06D23244200006861C16070976DDB5A3CD55896F5044364000000DA0E891000005A417E7EFE23B25823319021320000006D8744080000AD241289E82C32A58621320000006D8644080000AD64E5CA9561CBB23419C2101900009257B9FB2C408D9036422204008056140C0657C9224F422BC52FA5450000483AD159636CDB66D6983642220400805616894466CAA2581E80027EBFFF365A040000A0F590080100A095AD5CB952A7D2D52975B55BEC6FA64F9F3E9E56010000681D244200006803A150A8C0B6ED3FC86A4A241259969393C3386100008056402204008036525959395716BB2CCB1A5F5E5E7E3B2D02004052A0586A1B23110200401BD12132B66DEB10990A89DB182203004052A0586A1B23110200401BCACFCF2F94C5BD862132000000AD82440800006D2C1C0EFF5616850C910100006879244200006863050505159665E910199D4DE636BFDF7F3EAD020000D03248840000D00E0483C15DB2982F9122F17FB2B3B387D02A0000008947220400807622140A3D2E8BB59665F58944224F4C9C383185560100A07391FB3CC552DB1889100000DAD7C3D175B22895983468D0A01C5A040080CEC5B6EDA3EE3D9F02E96D8444080000ED4830182C75A7D4D507A5C50C91010000482C12210000B433F9F9F96B649127D19321320000008945220400807628353575AE2C8A25260D1830E057B4080000406290080100A01DCACBCB3B280B1D22A353EBFEC6EFF7A7D32A0000740A61773980A6681B2442000068A742A150816DDB8FC86A8A65594186C80000D02994BB4B8AA5B61112210000B463070E1C982F8B2289F4010306FC3B2D020000D03C2442000068C70A0A0A2A3C1E8F4EA95B6E59D603D3A74F1F4FAB000000341D89100000DAB9679E7966AB2CEE95488D4422CB727272E84A0B00400765DB7674688C6559DCCFDB08891000003A805028F45B59AC9787A6F1478E1CB99F160100A063927B79B458AA6DDB03698DB641220400800E221289E82C3287E4016ACEB469D32EA5450000001A8F440800001DC4CA952B77CB627EF406EEF12CCBCCCCE49B2400008046221102004007120A851E97C55A89215EAF77292D020000D03824420000E86074888C6DDB0765756A2010984A8B0000D071C46A84087A76B6111221000074302B57AED407A89BDD974BB3B2B2FAD12A0000740CB1596304B3C6B411122100007440F9F9F921593C2731501EA89E9E3871620AAD020000503F122100007450966569AF9052894983060DCAA145000000EA47220400800E2A180C9656565666C96A856DDB8BFD7E7F3AAD020040FB168944181AD3C62C9A0000808ECDEFF73F6159D68DB2BA391C0E7FAFA0A0A0A299E7BB4DCE777F43F70F85423C4F0000D0088140C0E61EDA76E8110200400777E0C0011D22532C71EEC08103EF6EF6C381C7B395560500009D15891000003A38ED016259D675B2AA5D6DEF080402E736E77CC16070AD2C0E3570F77D7C020000A023211102004027100C06D7CBE211F7E5D29C9C9C668D3BB66D7B7503F75B4BEB0300808E84440800009D44381CFEB52C0A25CE2F2F2FBFBD39E7B26D3BAF9EF78FEAD2B2AC15B43C00008D162D98DADC2F2ED03424420000E82474888CC7E3D17A213AACE5B6ACACAC8B9A7AAEEEDDBB6B0F932F6B7BDFB2ACAEB2280D87C3EB697900001A2DACFF535E5E3E90A6687D54A80500A093090402BF92C50312C59148C4B772E5CA434D3C4F4816FEDADEB76DFB0FF9F9F93FA3C50100A8595656D61C9DE2BE1187E48642A17B68B996458F1000003A1979807AD0B2AC976475B8D7EB7DAC19A77ABCA68DF24017893E44783CCFD3DA0000D4F107B7C7F35C230F29A2D55AE173A1090000E87C6CDBD69E1ADA136486DFEF0F34E51C3AEC45CE73A4FA76CBB2BCB2D8575252F2122D0D0040ED56AC58B14FEEA5AB1AB87B243535957B6B2B201102004027140A858ADD6488262E166767670F69EC39DC9A237FAAB6D98EFE8F6DAFD5F769690000EAF5477719A967BFB7F3F2F20ED25C2D8F440800009D547E7E7EC81D22333012893CDD9473545656FEA5FA2677F9322D0C004083EEC76B64512CE1AD67D7BFD25AAD83440800009D58DC109989814020A7B1C71F387060AD2CBE88DBA40F71A59595956B685D00001AECA906EC534033B50E1221000074623A44461633DD974BB3B2B2CE6CCCF13AFCC5ED55126F6D5367A20100201979BDDE3FC8A2C216B5EC72283535B590966A1D24420000E8E442A1509E3C772D91D59EB25CD6D8E3E598FF8C7F6D5916B3C50000D0086ED1D435720FB56A7A5F3617E6E5E595D352AD834408000049A05BB76EBF36CE947CE7FBFDFEDB1A736CF56FA8BA76ED5A408B0200D0C83FBE3D9EFF55DB7BB66DFF8D166AC5CF82260000A0F373BF65FA89840E75F94D201038B791C7BEAFEB72EC0754B40700A0F1DC69E78BE3B7C586CA783C1EA6CD6D45244200004812A15068B32CEE95489158969999D9B3A1C7F6EBD72F3AEBCCA9A79E1AA2250100683C77DAF93FC66F7387CA843FF9E493225AA8F590080100208984C3E1DF1A67884CBAD7EB7DA021C7DC75D75D595F7FFDF53D975F7EB9292B2BBB6DC1820539B42400008D27F75EADDB75347E9B6559056E9204ADF539D0040000248FE2E2E24A9FCFF77759CD91B860ECD8B15B76ECD8F15E6DFBCF9F3FFFDA9292926766CE9CE99D346992193E7CB8B56EDDBA1F4F9C3871776161E1F656BAEC517AAD12F1D73955A297C4BE7A8EBD5162A8C42E3E7D00405BDBBE7D7B597A7AFA399665C5CFE2B6A8A8A8682BADD37AE811020040920906839A14F8BDAECB83980E911958D37EDA13A4B4B4F4594D829C7DF6D9D16D19191966F6ECD9DE2FBEF862F9DCB973A7B7D2255F2911AEB64D87F59456DB962A31BC5A8C8DDB3E5E6292C413EE360000DA4295E1315EAF97FA20AD8C4408000049281C0EFF4E165A33A49FC7E379ACFAFBB9B9B9D7EFDDBBF74FBFF8C52F3CB124488CCFE73373E6CC8926436EB9E59629AD70B929EEB5F69198619CDE2C174A4C76D7754A604D6C5498BA131C5AE4559340B13A290000B4BA03070EAC8D7FAD53EBD22AADCBA2090000484E7EBF3FDDB2ACB7DDA4C0CDA150E871DDAE4990E2E2E22767CF9EEDD11E20B5D9BE7DBB59B468D137B66D672E5FBE7C750B5DE6A512BBDD6B5C2A912971C83809109DD6B7A6212FB7B9EFA9EB25B649689763ED457299C44C3E7D00406BCACECE1E5251513159EEBB9742CF42780000164C4944415418A787E208098FCE1A23DB3E92C55659BEEEF57A4324465A1E3542000048523B76ECF8343D3DFD88ACFE50130E3E9FEFF9CCCCCCCB8A8B8BF3EA4B82A8010306989123477ADF78E38D6BC68F1FFFF6B66DDBDE4FF025F6334EF2E380C45C899F497CEEBEA70F91B1C272DA53247E4ADFDF48E41A678AC2B38C9314299038E6FEAEABF9F40100AD212B2B6BB2DC5F975656562EB22CEBC7B2294DE264E3764A70678DE9E3D60CF9A16DDBBF947BF3443926525454F40E2DD8324884000090C4E421EB0D79E0D2BA19C353525286959595DDAA3541CE3AEBAC061DAFC99051A346795F7FFDF5CCB163C76E92F3ED4EE0E51D96F8AB718A9D6E304EAF0E4D809C2BD1DD380990E1C6E92DF241DC7139124FB9EB138D93102976F7D7D7244200002D2A10080C97FB6B5056EF304EEF8FC60CC9D47BDB3572FCA563C68C796DE7CE9D9FD3A289452204008024979191F1B76EDDBA8DB66DFBF259B36679ABD704A94F2C1952585838551ED8B6D5350B4D137C47E254E3D408D16FD1B41788CE16F3A939D10B44D73F893B2647E223E3D41099679CA4C9D7EEB9BA18A7770800002DC2EFF7072CCBFAB3AC8E3BFE87B7D76BC68D1B67AEBEFA6A7DDF6466669AE9D3A79B2BAEB8C25C72C92566F4E8D1DA3BC47CFAE9A7A6B2B23276D8508FC7F3539FCFB797DE21894522040080243779F2E4ABCACACAE637250912A3C990112346A4BCF9E69BD7243819122BE4FA99C45B12DA75385DE20DE324422E92283755A7D67D5D62A7C40D126F1AA757894EC1FBA42109020068417EBFFF4ACBB2F28D53972A9A00F9D18F7E646EB9E51673D965979933CE38C3F4EEDDDB74EDDA35BA7F972E5DCCB7BEF52D73FAE9A79BF3CF3FDF7CFFFBDF8F2644F6ECD9636CDBD65D4E92B8C6E7F3ED2F2A2A7A8B164E0C1221000024B13BEFBC73C6BE7DFB9ED29A200D1D0E539B8103076ACF90948D1B37263219A20F937F374EAF0F1D16D3CBDD5E609C44C877DCF78AE38ED12EC48BDDF8B6719224BACF2D129B8C9338010020A1DC9E207ADF8A0E83193C78B0B9E38E3BCC45175D647AF4E8D1A073A4A6A6467B8E4C9830C1ECDAB5CB949595C5DEBACAE7F3EDA1674862900801002049E5E6E6667FFCF1C7CB1B5218B5A1DC61322985858553C68E1DBBA5993543F4DBB43BF5E14FA29B717A816801D5EF4A448C33865AD7F798138910AD0372B7717A92680264A2FB5E81847EFDB6429F4D25FE9F71669F0100A0D9B426883B1C26DA134487BA2C58B0C0F4EFDFBF49E7D35E23175E78A1F9F0C30FA3C3655C3FF4F97C7F967B6B292DDE3C4C9F0B0040129A3367CEE483070F3EA7855163C361E4B5B9F9E69BFF69DF871F7EB8CA83DCE1C387CD0D37DCF04FFB3DFAE8A3E6E4934F8EAEEBD4BA0B172E3C1C8944AE0D06836B9B71A95AC835FEF8A9EEF2B9D8B3A771A6D0D542AA0325CE9778C99C4872DCE3BE5EEFBED6448A264B76F3AF00009028595959FFD7B66D9DF23DDA13E49E7BEE890E79692EBDE7EAB9F6EEDD1BDBB43E140AFD0B2DDE3CF408010020C9684F9070381C8C4F8228ED8E7BEAA9A79A9D3B779A6FBEF926BACDE3F198E2E2E26821B7184D78C41773EBDBB7AF993A75AA89EF55E24EADDB65C3860D53D2D2D2DE69C63099EA090B3D4F51DC6B5D0FBBEB9AFCD0A4C8B1B8F7B79AAAF54374261AAAEF03001246A7C8B56D7B41F40F6CAF373A1CA6A93D41AAD31A22679E79A659B76E5DAC66C85086C8349F872600002079E4E6E65E5F5C5CBCBC7A1224E6E28B2F3683060D3AFE5A931DDA2D77F3E6CDD1D7EFBEFB6EB4B7472C51929292627AF5EA65264D9AF44FE7D2C4C8ADB7DEDA45F60969F1B804FD0A158DDCFF209F3A00A02E8140E00E4D664C9C3831A589A7B825B672F9E597470B9F26929EEFCA2B4FDC466DDBBE894FAD79E811020040927093204FD65718352D2DCDBCF6DA6BC7931D151515D15E22DA2BE4BEFBEE8B2FDC667AF6EC69E47CE694534EA9F15C03060CF08E1A35CA6CD8B0E19AF4F4F4B79A59330400808493FBD32BB208F4E8D163BECFE73B5BA26CCC983161B9F71DABEFD8ECECEC219595954B64D5A3BD4166CD9A65BA75EB96F06B1C32648879F1C51763BD3187CA353F25F75492FD4D44220400802470D75D77657DFCF1C74F35A430AA26378E1D3B161D12A34910A50F5E5BB76E35A5A5A5C787C4E8D8E70B2EB8203AD55F5D34193272E4C8C8860D1B26A7A5A5ED48E0D4BA0000345B7A7AFA3DBAB42CAB8B2CC648CCF0783CB37C3EDF59125F9D7BEEB9FBE41E58638F44B9AFFD9B1C17EDAEA15F325C7AE9A52D728D3A7CF5A38F3E32FBF7EF8F6DD2E974DFE0D36B1A122100007472F3E7CFBFB6A4A4E4191D0ED3D02972753CF2CB2FBF6C8E1C39127DADC90FED091289448EEFA35301CE9D3B373A7EB93E03070EEC72C61967440A0B0BAF9187C6ED24430000ED452C1152CD4912632566545454684F91B112917EFDFAED2E2E2EAE8CED24DBE6CB224DD7AFBEFA6A337CF8F016BB4EBD17BFF9E69BB197C78A8A8A827C7A4D43220400804E4C7B82C4922035D504A98D16491D3972A4D9B469D3F12132F1FAF4E9139D3966D8B0610D3EE7A041834E1A356AD4371B366CB896640800A0BDA82511124F6B87A44B047AF6ECF94B9FCF77BEC441ED29525151F11FB23D3A65DAB469D3A2D3DEB6D81FEF5E6F74788CAB7B5151D1623EBDA649A1090000E89CEEBCF3CE197BF7EE7D6AE6CC999EC6244162468F1EADDF7445BF7D8A0D87519A24D1B1CAF200D8E873666464F49C3F7FFEE70B172E0C666565ADB66D9B9A2100808EA4A7DCBBAE92E555E5E5E5FAFAF80D52BF246849D5CEDF8F8FA2E948840000D009E5E4E4F479FFFDF79FD6EAF54D4982C4CC9831C36CDCB8B1CA369DBE6FCA94294D3EE7F8F1E34F3EEDB4D3CAF6EDDB97CD270500E8E08ECFC4AAB5B35A52F7EEDDE35FA6D2F44D47220400804E282F2FEF606E6E6E4E4141C193191919F51648ADCD33CF3CA3C5E3A2C98FE34F7C1E8F59BD7A75747699A678FBEDB70FECDFBFBF879C77053D420000EDC0DD0DD8476F84DAFBA34A7909B99755CABD2C9A0CF9EAABAF5A341972F8F0E1F897E57C6C4D4722040080CEFA5477F7DD4F2D58B0E0C8E2C58B83B366CD6AF4F09877DF7DD7BCF3CE3B5586C5282D98AA95EB376FDEDCE8E1319A0479E08107BAC939B3F2F3F3D7F0290100DA5A2010A8351162DB76C4B22C4D7E58125E797D505EBFA4C9FCAE5DBBAE2D2F2FDF2EDB47E9BE070F1E6CD144889E3F4E299F5CD379680200003AAFFBEEBBEFD9BE7DFB5EBB74E9D2C8B66DDB1A7C9C263B1E79E41173E8D0A1E3DBB46748CC975F7E69962D5B56FDDBA93A6DDEBC399604C92609020068AF6CDB3E1A77EFD32488DE0C9F93C8ECD6ADDB19A1502833180CAECACBCBD35E195B63FB7EF0C1072D7A5D3AAD7D9CAD7C524D47220400804E6EC99225ABFAF4E933559691B7DE7AAB41C7BCF0C20B55921C3A45EED0A143AB4C95ABB3C93CFBECB30D3ADF7BEFBD57B278F1E29348820000DA3BCBB2BA1A27F9912791999A9ADA5F931F12CFE9D0D3F87D6DDB7E25B61E37B56D8BA876FE57F8A49A8E44080000494093213D7AF4C87CF8E187BFA92F19120E87CDDAB56BAB2442BA75EB666EBFFDF62A5D7E752C74616161BDDF80E97098DCDCDCDEF2B0F85392200080F64A87BD48ACB22C6B4A6A6AEAE9A150E8276EF2A3D67A1C292929AB6451A1EBDAF3F2F3CF3F6F916BD36131D5EEDFCFF189359D9726000020396CDAB469D7E8D1A3376CD9B225306CD830EFA041836ADCEFC1071F34A5A5A5C76B836895FA1B6FBCD18C1831221A3A8B4C454545ECA1D1ECDAB5CBFCE0073F881651AD2E56134456AFD36EC47C0A0080F6263D3D5DEB802C4B4D4DBD6185282A2ADAB575EBD6061523DDBE7D7B99CFE7BB585647E83D51EF85E3C68D4BF835AE5AB5CAECDCB933F6727D28145ACC27D7742442000048223B76ECF8202D2D6DF3962D5BA60E1D3A34A57A3264FDFAF5E6D5575F35478F1E1F1E6D468D1A65B2B39D996EFBF7EF6F3EFCF043535252124D82682D91949414E3F57ACDB7BFFDED2AE7D29A208B162D8AD6049107B6BFD0FA0080F6A8A8A8E8558977B66EDD5AD194E37D3EDF57B208E8FA9E3D7BCC8409134CEFDEBD13767D7BF7EE358F3DF6D8F119DC2CCBBA5DAF974FAEE9181A030040920906836B8F1E3D3A65C99225E5F10554B5DBEDA38F3E6ABEFEFAEB2AFBFFFCE73FAFF2FAA69B6EAA32938C76035EBE7C7995EEC0DA13E4A1871ED29E207E86C300003AF97D557B3C16E8BA7E4120F7D7E8F0D144D061AA4B972E8D9ED7B5BEA4A42444AB378F45130000909CA64D9B7669D7AE5DFF7BCE9C39A98D9D5AB72EDA13249604D1A40B2D0D00E8EC0281C070596C92E8A7AF478F1E6DE6CD9BD7ACE9743509A24995EDDBB7C7361DB22C6B82DC5B77D1E2CDC3D018000092940E9339F3CC33376EDEBC79DAD0A143ADC1830737BBA7A82641DCD961AE0B8542FF9B5606002483A2A2A28363C78EDD6B59D66479E9F9ECB3CFCC962D5B4C5A5A5A9386C9E87098850B179AF7DF7FFFF83639F70DC160701DADDD7C244200004862B164C8A64D9B32870D1BE6694E324487C3B83541AE63380C002009EFA945E9E9E97B65F54A098F0E8F59B76E9D3972E448740AFAD4D4D47ACFA1C354B530AAD604D1F518DBB67F1D0A85FE93564E0C86C600000093959535C9EBF53E3F6FDEBCAEE3C78F6FF41725AD341CA6A78456F1AFE0130300B4577EBF5F0BA73E6659569FD8362D2A9E919161CE3BEFBCE80C6C7DFAF4890E9BD1E12F9AF0282E2E8EF620D12972CBCBAB4C58734862662814CAA36513874408000088D26488C7E3796EEEDCB95DCE39E79C931A7A5CDC14B9F14990BB2532AAED7A4422BB19975826718DC44BCD388716B4BBD738E3B813ED4C897912DF9318E0FE8C0D12FA0DDE67F53D374BBC2A51C2BF4400E8F8B4668865594FD8B67D69334EB35ECEF1336A82241E4363000040545151D1EE3163C6BC29A60D1B36CC0C1E3CB8DEE7845812C49D2237BE26C81D7A4A89BF4A6C7343A7FA7BAF1997F86B897C890F9A718E887B5D8712DC7C9748FC5D62B5C4028987244A2574ACF851F777AF4B817112211FF02F11003AC53DF5A0C4D3E9E9E93B2CCB3A59360D350D9FB575BDC4DDE17078DE9A356B3EA535138F44080000384E6B86683264E3C68D5A33E49BC18307D7DA33E4BDF7DE2BB9FFFEFB7BC9AA1646FD4BB5B7FF4DE2CFC6E981B1CB8DF7E29206379BAA3D3BFE5D6288BB5F8AC42C899912574BE85CBDEF9AAA8990256EF220364C264B628CC44EF7F53889DF4A4C97B85062BF843E4CFED4388910BD8673AB252826B9FB6E73AFE17F4ACC71AF417B6AECABA3E9348971A7C4C3125F1AA7F78BFE2E2B2474BCB8F673D6DE30B7BAD7AABD46F648E89CC3D7494C35CE4C0317BAC7EFADE31AF4D82B24B6C4FDEE03CD89248AF6C639609C444C6D3FF32A89F3DDDFB5A6DF1F00909884C84E4D886464642C73FFDBAE89F8EE12A9EE7FE7F5FE1076EF234F48DC24F7D4C572CCD6E2E2E24A5AB065A4D004000020DEB3CF3EFB52565656E6E2C58BB56648D9D9679FDDABFA3EEEEC30A9B66D670783C155B59CEA1C896371AF3569F1A2C46B12BF33CE1095DB8D53546E8E9B98306EF2441FFEFE4BA28771869B544FB468E2E48EB8D73F304ECF8B9512C3245E76CFF985844F628A9B00F9B9840EDFF9C85DAE707F96711327FF116B06F7C154AFA1B77B4D97B8C98DEA624361FE504B3B7CE12E4F717F8FAFDDB6D17638CD3809A2636E02A2C89C181E53DB35E8F5E6BADB8D9B8029364E6229C56DD37BEBF999BAFF1FDDDF3F964C5A28F12BFE1F000089B762C50A4D642F710324420000407BA3B53EA64D9B76F5A2458B5E9833674ED98409138E274374388C1646D5E130F5CC0EA3E3A2C7C6BD3EE22642F40F79ADF5B15562B7C45D12FF6A9C6FC926B8490DED461CAB16B7B29197AFB549B49EC86AF79C354DE3ABBD29F49B391DBAF282717A900C709306BA9EE65E638CF696B8362EC1104F8FFBCA9C48A8287FDCBAD60AD1DE1A0FBBCF5EDFD56694E82BF11D898DC649E2BC624EF492A9EF1ABE659C844F3737A931D63DDF78E3D4258925376AFB99B1614AD7BB09917F31CEB7932FF2AF1F0040220400002425ED19326DDAB46B962C59F2C2ECD9B3BF38EFBCF3FAC6D70469C014B9BF374E2F869A68AF879FB9C90A1DAEB2DBDD3E42629D39910431D5120C0DA1890FEDF9A143405E374E77E307CC3FD705F92F77BF17DC6B88F5B0186D9CB1DCFBABEDBFA2969F77CC4D4CC4BBC25D4E344E2F134D8468D1D4296EA24287BFE858F1FEA6E65E26F55D83F666D1A12DA38C9328D27368D2A4AFDB7E3175FD4C7D4F7BDB6822E47F1827690200683F4E72EF27AB688AC422110200006A15970C79FEA28B2EDAB77EFDFA5E0D4C823484D611297493104F1927E171D44D0034840E9BA9A9E8A9F686D0E1363A2C448792CC96186C9CC44BBCE5120F1A27F9A2D7E273B77F639C612ADF6BE075AC73130C3F34277A545CEF2E5F7097FA20AB3D64CE3027923CD7D671CEFAAE417F8EF610497397DABB4387C41C9678B4813F33689CA2AEDA563FAEA17D00006D4B93EC5A3784444882796802000050174D86C8C2FFDA6BAF6931537F8292205ABFA3A7FB877EB9FB07B9D29F35DC4D2AC4F86B38BEC44D00281D227256DC7B3AAC44877F7CE62622B4C06ADF1ACEA14983E5EE3E5AA17F7F5C92417B6464C6ED7BBA9B74A8895EBFD6ECD04278DFADF69CD5DB5DD761279AA089D54CF9AEBB2D467F76FFB8D7F55D4381C4C5EEEFA83548B4E78B0E8FD1C4CF2B0DFC999A787A5CE24FC6A96F72887FED009070DAF9E0B45AFEF6EEE5DE0B6B3A66104DD7B21F0A0000409DB466484E4E4EDFBCBCBC838D38ECCFD55E7FE53EF4E91FEB3A034CBABB5D6776D19A155A2B437B29E80C2A7F74F7D79E1C9BDC6446BC7B8CF32D99F6E838604E142455FA0DDADF24FE619CE120A7B8E7AC89FE1C9DC126BE48A826487EEC26361E72CFD1D7BDCEDA68DD0E2D48AADFDA75758FE9EF262C3449A14363E61AA77689D64AF9BB3951C743FDDEBD16FD790BDC9F5DD735680F109D7520BE7ECAF3C6192A131B4AB4A69E9FA99E344E8D96C7F9570E0009F713E30C41D4E1889AA4D719D17468A32D11324EC25B93DC4BCC891A547ACC42F79E389C26040000482EFA87FE4975BCAFEF7DA79EE3BB27E01ABA37E118FD26AFA66FFFF47A536B39CE53CB7BCDFD3DEAFA9937B80FE50080C4D2C4F4CEB8FFFE6AEFC5D834F29A0819E7AE6B6F91588F3C4D8A68723FD6435097FFA029138F1E210000A0BD3A5CCFFBC7E21E2A9B727C22AEA1B6636A3BAEAEEBD59E1CE52DF07BD4F533671AA7070A0020B17438A2CEECB52C6EDB88B8F577DCA50E8DECE1AE5F609CBA53FF88BB2FA0059008010000484EDACB6491A9797A610040F3BD217153DCEBFA8A52EBDFE715345BCBA3582A00004072D29E264FD30C00D022B4C68716FED6BA5587DC185DCF313A5B9816C28E15501D4733B60C7A8400000000009058BB257E29B159628B710A9F7E624ECC7856932289FF96D8639CD9D176D08C0000000000A0A3D1A1888DE984A033AC9D44B301000000000000000000000000000000000000000000000000000000000000000000000000000000000000000000000000000000000000000000000000000000000000000000000000000000000000000000000000000000000000000000000000000000000000000000000000000000000000000000000000000000000000000000000000000000000000000000000000000000000000000000000000000000000000000000000000000000000000000000000000000000000000000000000000000000000000000000000000000000000000000000000000000000000000000000000000000000000000000000000000000000000000000000000000000000000000000000000000009028FF1F3049D75878F359D50000000049454E44AE426082, null);
INSERT INTO `act_ge_bytearray` VALUES ('82506', '1', 'source', null, 0x7B22626F756E6473223A7B226C6F7765725269676874223A7B2278223A313438352E302C2279223A3730302E307D2C2275707065724C656674223A7B2278223A302E302C2279223A302E307D7D2C227265736F757263654964223A2263616E766173222C227374656E63696C223A7B226964223A2242504D4E4469616772616D227D2C227374656E63696C736574223A7B226E616D657370616365223A22687474703A2F2F62336D6E2E6F72672F7374656E63696C7365742F62706D6E322E3023222C2275726C223A222E2E2F656469746F722F7374656E63696C736574732F62706D6E322E302F62706D6E322E302E6A736F6E227D2C2270726F70657274696573223A7B2270726F636573735F6964223A226C656176652D666F726D6B6579222C226E616D65223A22E8AFB7E58187E6B581E7A88B2DE5A496E983A8E8A1A8E58D95222C22646F63756D656E746174696F6E223A22E8AFB7E58187E6B581E7A88BE6BC94E7A4BA222C2270726F636573735F6E616D657370616365223A22687474703A2F2F7777772E6B6166656974752E6D652F64656D6F2F61637469766974692F6C65617665222C226D65737361676573223A5B5D2C22657865637574696F6E6C697374656E657273223A7B22657865637574696F6E4C697374656E657273223A5B5D7D2C226576656E746C697374656E657273223A7B226576656E744C697374656E657273223A5B5D7D2C227369676E616C646566696E6974696F6E73223A5B5D2C226D657373616765646566696E6974696F6E73223A5B5D7D2C226368696C64536861706573223A5B7B22626F756E6473223A7B226C6F7765725269676874223A7B2278223A34352E302C2279223A3132352E307D2C2275707065724C656674223A7B2278223A31302E302C2279223A39302E307D7D2C227265736F757263654964223A2273746172746576656E7431222C226368696C64536861706573223A5B5D2C227374656E63696C223A7B226964223A2253746172744E6F6E654576656E74227D2C2270726F70657274696573223A7B226F766572726964656964223A2273746172746576656E7431222C226E616D65223A225374617274222C22696E69746961746F72223A226170706C79557365724964222C22666F726D6B6579646566696E6974696F6E223A2273746172742E666F726D227D2C226F7574676F696E67223A5B7B227265736F757263654964223A22666C6F7732227D5D7D2C7B22626F756E6473223A7B226C6F7765725269676874223A7B2278223A3139352E302C2279223A3133352E307D2C2275707065724C656674223A7B2278223A39302E302C2279223A38302E307D7D2C227265736F757263654964223A22646570744C65616465724175646974222C226368696C64536861706573223A5B5D2C227374656E63696C223A7B226964223A22557365725461736B227D2C2270726F70657274696573223A7B226F766572726964656964223A22646570744C65616465724175646974222C226E616D65223A22E983A8E997A8E9A286E5AFBCE5AEA1E689B9222C22757365727461736B61737369676E6D656E74223A7B2261737369676E6D656E74223A7B2263616E64696461746547726F757073223A5B7B2276616C7565223A22646570744C6561646572227D5D7D7D2C22666F726D6B6579646566696E6974696F6E223A22646570742D6C65616465722D61756469742E666F726D222C226173796E6368726F6E6F7573646566696E6974696F6E223A66616C73652C226578636C7573697665646566696E6974696F6E223A747275652C227461736B6C697374656E657273223A7B227461736B4C697374656E657273223A5B5D7D2C22657865637574696F6E6C697374656E657273223A7B22657865637574696F6E4C697374656E657273223A5B5D7D7D2C226F7574676F696E67223A5B7B227265736F757263654964223A22666C6F7733227D5D7D2C7B22626F756E6473223A7B226C6F7765725269676874223A7B2278223A3239302E302C2279223A3132372E307D2C2275707065724C656674223A7B2278223A3235302E302C2279223A38372E307D7D2C227265736F757263654964223A226578636C75736976656761746577617935222C226368696C64536861706573223A5B5D2C227374656E63696C223A7B226964223A224578636C757369766547617465776179227D2C2270726F70657274696573223A7B226F766572726964656964223A226578636C75736976656761746577617935222C226E616D65223A224578636C75736976652047617465776179227D2C226F7574676F696E67223A5B7B227265736F757263654964223A22666C6F7734227D2C7B227265736F757263654964223A22666C6F7735227D5D7D2C7B22626F756E6473223A7B226C6F7765725269676874223A7B2278223A3332332E302C2279223A3234352E307D2C2275707065724C656674223A7B2278223A3231382E302C2279223A3139302E307D7D2C227265736F757263654964223A226D6F646966794170706C79222C226368696C64536861706573223A5B5D2C227374656E63696C223A7B226964223A22557365725461736B227D2C2270726F70657274696573223A7B226F766572726964656964223A226D6F646966794170706C79222C226E616D65223A22E8B083E695B4E794B3E8AFB7222C22757365727461736B61737369676E6D656E74223A7B2261737369676E6D656E74223A7B2261737369676E6565223A22247B6170706C795573657249647D227D7D2C22666F726D6B6579646566696E6974696F6E223A226D6F646966792D6170706C792E666F726D222C226173796E6368726F6E6F7573646566696E6974696F6E223A66616C73652C226578636C7573697665646566696E6974696F6E223A747275652C227461736B6C697374656E657273223A7B227461736B4C697374656E657273223A5B5D7D2C22657865637574696F6E6C697374656E657273223A7B22657865637574696F6E4C697374656E657273223A5B5D7D7D2C226F7574676F696E67223A5B7B227265736F757263654964223A22666C6F773131227D5D7D2C7B22626F756E6473223A7B226C6F7765725269676874223A7B2278223A3436332E302C2279223A3133352E307D2C2275707065724C656674223A7B2278223A3335382E302C2279223A38302E307D7D2C227265736F757263654964223A2268724175646974222C226368696C64536861706573223A5B5D2C227374656E63696C223A7B226964223A22557365725461736B227D2C2270726F70657274696573223A7B226F766572726964656964223A2268724175646974222C226E616D65223A22E4BABAE4BA8BE5AEA1E689B9222C22757365727461736B61737369676E6D656E74223A7B2261737369676E6D656E74223A7B2263616E64696461746547726F757073223A5B7B2276616C7565223A226872227D5D7D7D2C22666F726D6B6579646566696E6974696F6E223A2268722D61756469742E666F726D222C226173796E6368726F6E6F7573646566696E6974696F6E223A66616C73652C226578636C7573697665646566696E6974696F6E223A747275652C227461736B6C697374656E657273223A7B227461736B4C697374656E657273223A5B5D7D2C22657865637574696F6E6C697374656E657273223A7B22657865637574696F6E4C697374656E657273223A5B5D7D7D2C226F7574676F696E67223A5B7B227265736F757263654964223A22666C6F7736227D5D7D2C7B22626F756E6473223A7B226C6F7765725269676874223A7B2278223A3533352E302C2279223A3132372E307D2C2275707065724C656674223A7B2278223A3439352E302C2279223A38372E307D7D2C227265736F757263654964223A226578636C75736976656761746577617936222C226368696C64536861706573223A5B5D2C227374656E63696C223A7B226964223A224578636C757369766547617465776179227D2C2270726F70657274696573223A7B226F766572726964656964223A226578636C75736976656761746577617936222C226E616D65223A224578636C75736976652047617465776179227D2C226F7574676F696E67223A5B7B227265736F757263654964223A22666C6F7737227D2C7B227265736F757263654964223A22666C6F7739227D5D7D2C7B22626F756E6473223A7B226C6F7765725269676874223A7B2278223A3639352E302C2279223A3133352E307D2C2275707065724C656674223A7B2278223A3539302E302C2279223A38302E307D7D2C227265736F757263654964223A227265706F72744261636B222C226368696C64536861706573223A5B5D2C227374656E63696C223A7B226964223A22557365725461736B227D2C2270726F70657274696573223A7B226F766572726964656964223A227265706F72744261636B222C226E616D65223A22E99480E58187222C22757365727461736B61737369676E6D656E74223A7B2261737369676E6D656E74223A7B2261737369676E6565223A22247B6170706C795573657249647D227D7D2C22666F726D6B6579646566696E6974696F6E223A227265706F72742D6261636B2E666F726D222C226173796E6368726F6E6F7573646566696E6974696F6E223A66616C73652C226578636C7573697665646566696E6974696F6E223A747275652C227461736B6C697374656E657273223A7B227461736B4C697374656E657273223A5B5D7D2C22657865637574696F6E6C697374656E657273223A7B22657865637574696F6E4C697374656E657273223A5B5D7D7D2C226F7574676F696E67223A5B7B227265736F757263654964223A22666C6F7738227D5D7D2C7B22626F756E6473223A7B226C6F7765725269676874223A7B2278223A3636302E302C2279223A3331382E307D2C2275707065724C656674223A7B2278223A3632352E302C2279223A3238332E307D7D2C227265736F757263654964223A22656E646576656E7431222C226368696C64536861706573223A5B5D2C227374656E63696C223A7B226964223A22456E644E6F6E654576656E74227D2C2270726F70657274696573223A7B226F766572726964656964223A22656E646576656E7431222C226E616D65223A22456E64227D2C226F7574676F696E67223A5B5D7D2C7B22626F756E6473223A7B226C6F7765725269676874223A7B2278223A3239302E302C2279223A3332302E307D2C2275707065724C656674223A7B2278223A3235302E302C2279223A3238302E307D7D2C227265736F757263654964223A226578636C75736976656761746577617937222C226368696C64536861706573223A5B5D2C227374656E63696C223A7B226964223A224578636C757369766547617465776179227D2C2270726F70657274696573223A7B226F766572726964656964223A226578636C75736976656761746577617937222C226E616D65223A224578636C75736976652047617465776179227D2C226F7574676F696E67223A5B7B227265736F757263654964223A22666C6F773130227D2C7B227265736F757263654964223A22666C6F773132227D5D7D2C7B22626F756E6473223A7B226C6F7765725269676874223A7B2278223A3137322E302C2279223A3231322E307D2C2275707065724C656674223A7B2278223A3132382E302C2279223A3231322E307D7D2C227265736F757263654964223A22666C6F7732222C226368696C64536861706573223A5B5D2C227374656E63696C223A7B226964223A2253657175656E6365466C6F77227D2C22646F636B657273223A5B7B2278223A31372E352C2279223A31372E357D2C7B2278223A35322E352C2279223A32372E357D5D2C226F7574676F696E67223A5B7B227265736F757263654964223A22646570744C65616465724175646974227D5D2C22746172676574223A7B227265736F757263654964223A22646570744C65616465724175646974227D2C2270726F70657274696573223A7B226F766572726964656964223A22666C6F7732227D7D2C7B22626F756E6473223A7B226C6F7765725269676874223A7B2278223A3137322E302C2279223A3231322E307D2C2275707065724C656674223A7B2278223A3132382E302C2279223A3231322E307D7D2C227265736F757263654964223A22666C6F7733222C226368696C64536861706573223A5B5D2C227374656E63696C223A7B226964223A2253657175656E6365466C6F77227D2C22646F636B657273223A5B7B2278223A35322E352C2279223A32372E357D2C7B2278223A32302E302C2279223A32302E307D5D2C226F7574676F696E67223A5B7B227265736F757263654964223A226578636C75736976656761746577617935227D5D2C22746172676574223A7B227265736F757263654964223A226578636C75736976656761746577617935227D2C2270726F70657274696573223A7B226F766572726964656964223A22666C6F7733227D7D2C7B22626F756E6473223A7B226C6F7765725269676874223A7B2278223A3137322E302C2279223A3231322E307D2C2275707065724C656674223A7B2278223A3132382E302C2279223A3231322E307D7D2C227265736F757263654964223A22666C6F7734222C226368696C64536861706573223A5B5D2C227374656E63696C223A7B226964223A2253657175656E6365466C6F77227D2C22646F636B657273223A5B7B2278223A32302E302C2279223A32302E307D2C7B2278223A35322E352C2279223A32372E357D5D2C226F7574676F696E67223A5B7B227265736F757263654964223A226D6F646966794170706C79227D5D2C22746172676574223A7B227265736F757263654964223A226D6F646966794170706C79227D2C2270726F70657274696573223A7B226F766572726964656964223A22666C6F7734222C226E616D65223A22E4B88DE5908CE6848F222C22636F6E646974696F6E73657175656E6365666C6F77223A22247B646570744C656164657250617373203D3D202766616C7365277D227D7D2C7B22626F756E6473223A7B226C6F7765725269676874223A7B2278223A3137322E302C2279223A3231322E307D2C2275707065724C656674223A7B2278223A3132382E302C2279223A3231322E307D7D2C227265736F757263654964223A22666C6F7735222C226368696C64536861706573223A5B5D2C227374656E63696C223A7B226964223A2253657175656E6365466C6F77227D2C22646F636B657273223A5B7B2278223A32302E302C2279223A32302E307D2C7B2278223A35322E352C2279223A32372E357D5D2C226F7574676F696E67223A5B7B227265736F757263654964223A2268724175646974227D5D2C22746172676574223A7B227265736F757263654964223A2268724175646974227D2C2270726F70657274696573223A7B226F766572726964656964223A22666C6F7735222C226E616D65223A22E5908CE6848F222C22636F6E646974696F6E73657175656E6365666C6F77223A22247B646570744C656164657250617373203D3D202774727565277D227D7D2C7B22626F756E6473223A7B226C6F7765725269676874223A7B2278223A3137322E302C2279223A3231322E307D2C2275707065724C656674223A7B2278223A3132382E302C2279223A3231322E307D7D2C227265736F757263654964223A22666C6F7736222C226368696C64536861706573223A5B5D2C227374656E63696C223A7B226964223A2253657175656E6365466C6F77227D2C22646F636B657273223A5B7B2278223A35322E352C2279223A32372E357D2C7B2278223A32302E302C2279223A32302E307D5D2C226F7574676F696E67223A5B7B227265736F757263654964223A226578636C75736976656761746577617936227D5D2C22746172676574223A7B227265736F757263654964223A226578636C75736976656761746577617936227D2C2270726F70657274696573223A7B226F766572726964656964223A22666C6F7736227D7D2C7B22626F756E6473223A7B226C6F7765725269676874223A7B2278223A3137322E302C2279223A3231322E307D2C2275707065724C656674223A7B2278223A3132382E302C2279223A3231322E307D7D2C227265736F757263654964223A22666C6F7737222C226368696C64536861706573223A5B5D2C227374656E63696C223A7B226964223A2253657175656E6365466C6F77227D2C22646F636B657273223A5B7B2278223A32302E302C2279223A32302E307D2C7B2278223A35322E352C2279223A32372E357D5D2C226F7574676F696E67223A5B7B227265736F757263654964223A227265706F72744261636B227D5D2C22746172676574223A7B227265736F757263654964223A227265706F72744261636B227D2C2270726F70657274696573223A7B226F766572726964656964223A22666C6F7737222C226E616D65223A22E5908CE6848F222C22636F6E646974696F6E73657175656E6365666C6F77223A22247B687250617373203D3D202774727565277D227D7D2C7B22626F756E6473223A7B226C6F7765725269676874223A7B2278223A3137322E302C2279223A3231322E307D2C2275707065724C656674223A7B2278223A3132382E302C2279223A3231322E307D7D2C227265736F757263654964223A22666C6F7738222C226368696C64536861706573223A5B5D2C227374656E63696C223A7B226964223A2253657175656E6365466C6F77227D2C22646F636B657273223A5B7B2278223A35322E352C2279223A32372E357D2C7B2278223A31372E352C2279223A31372E357D5D2C226F7574676F696E67223A5B7B227265736F757263654964223A22656E646576656E7431227D5D2C22746172676574223A7B227265736F757263654964223A22656E646576656E7431227D2C2270726F70657274696573223A7B226F766572726964656964223A22666C6F7738227D7D2C7B22626F756E6473223A7B226C6F7765725269676874223A7B2278223A3137322E302C2279223A3231322E307D2C2275707065724C656674223A7B2278223A3132382E302C2279223A3231322E307D7D2C227265736F757263654964223A22666C6F7739222C226368696C64536861706573223A5B5D2C227374656E63696C223A7B226964223A2253657175656E6365466C6F77227D2C22646F636B657273223A5B7B2278223A32302E302C2279223A32302E307D2C7B2278223A3531342E302C2279223A3231372E307D2C7B2278223A35322E352C2279223A32372E357D5D2C226F7574676F696E67223A5B7B227265736F757263654964223A226D6F646966794170706C79227D5D2C22746172676574223A7B227265736F757263654964223A226D6F646966794170706C79227D2C2270726F70657274696573223A7B226F766572726964656964223A22666C6F7739222C226E616D65223A22E4B88DE5908CE6848F222C22636F6E646974696F6E73657175656E6365666C6F77223A22247B687250617373203D3D202766616C7365277D227D7D2C7B22626F756E6473223A7B226C6F7765725269676874223A7B2278223A3137322E302C2279223A3231322E307D2C2275707065724C656674223A7B2278223A3132382E302C2279223A3231322E307D7D2C227265736F757263654964223A22666C6F773130222C226368696C64536861706573223A5B5D2C227374656E63696C223A7B226964223A2253657175656E6365466C6F77227D2C22646F636B657273223A5B7B2278223A32302E302C2279223A32302E307D2C7B2278223A3134322E302C2279223A3239392E307D2C7B2278223A35322E352C2279223A32372E357D5D2C226F7574676F696E67223A5B7B227265736F757263654964223A22646570744C65616465724175646974227D5D2C22746172676574223A7B227265736F757263654964223A22646570744C65616465724175646974227D2C2270726F70657274696573223A7B226F766572726964656964223A22666C6F773130222C226E616D65223A22E9878DE696B0E794B3E8AFB7222C22636F6E646974696F6E73657175656E6365666C6F77223A22247B72654170706C79203D3D202774727565277D227D7D2C7B22626F756E6473223A7B226C6F7765725269676874223A7B2278223A3137322E302C2279223A3231322E307D2C2275707065724C656674223A7B2278223A3132382E302C2279223A3231322E307D7D2C227265736F757263654964223A22666C6F773131222C226368696C64536861706573223A5B5D2C227374656E63696C223A7B226964223A2253657175656E6365466C6F77227D2C22646F636B657273223A5B7B2278223A35322E352C2279223A32372E357D2C7B2278223A32302E302C2279223A32302E307D5D2C226F7574676F696E67223A5B7B227265736F757263654964223A226578636C75736976656761746577617937227D5D2C22746172676574223A7B227265736F757263654964223A226578636C75736976656761746577617937227D2C2270726F70657274696573223A7B226F766572726964656964223A22666C6F773131227D7D2C7B22626F756E6473223A7B226C6F7765725269676874223A7B2278223A3137322E302C2279223A3231322E307D2C2275707065724C656674223A7B2278223A3132382E302C2279223A3231322E307D7D2C227265736F757263654964223A22666C6F773132222C226368696C64536861706573223A5B5D2C227374656E63696C223A7B226964223A2253657175656E6365466C6F77227D2C22646F636B657273223A5B7B2278223A32302E302C2279223A32302E307D2C7B2278223A31372E352C2279223A31372E357D5D2C226F7574676F696E67223A5B7B227265736F757263654964223A22656E646576656E7431227D5D2C22746172676574223A7B227265736F757263654964223A22656E646576656E7431227D2C2270726F70657274696573223A7B226F766572726964656964223A22666C6F773132222C226E616D65223A22E7BB93E69D9FE6B581E7A88B222C22636F6E646974696F6E73657175656E6365666C6F77223A22247B72654170706C79203D3D202766616C7365277D227D7D5D7D, null);
INSERT INTO `act_ge_bytearray` VALUES ('85002', '1', 'dept-leader-audit.form', '85001', 0x3C64697620636C6173733D227370616E38223E3C7461626C6520636C6173733D227461626C65207461626C652D626F726465726564207461626C652D686F766572207461626C652D636F6E64656E736564223E3C74626F64793E3C747220636C6173733D226669727374526F77223E3C74642077696474683D22313030223EE794B3E8AFB7E4BABAEFBC9A3C2F74643E3C7464206E616D653D22757365724964223E247B6170706C795573657249647D3C2F74643E3C2F74723E3C74723E3C74643EE58187E7A78DEFBC9A3C2F74643E3C7464206E616D653D226C6561766554797065223E247B6C65617665547970657D3C2F74643E3C2F74723E3C74723E3C74643EE8AFB7E581873C7370616E207374796C653D22636F6C6F723A726564223EE5BC80E5A78B3C2F7370616E3EE697B6E997B4EFBC9A3C2F74643E3C7464206E616D653D22737461727454696D65223E247B737461727454696D657D3C2F74643E3C2F74723E3C74723E3C74643EE8AFB7E581873C7370616E207374796C653D22636F6C6F723A726564223EE7BB93E69D9F3C2F7370616E3EE697B6E997B4EFBC9A3C2F74643E3C7464206E616D653D22656E6454696D65223E247B656E6454696D657D3C2F74643E3C2F74723E3C74723E3C74643EE8AFB7E58187E4BA8BE794B1EFBC9A3C2F74643E3C7464206E616D653D22726561736F6E223E247B726561736F6E7D3C2F74643E3C2F74723E3C74723E3C74643EE698AFE590A6E5908CE6848FE794B3E8AFB7EFBC9A3C2F74643E3C74643E3C73656C6563742069643D22646570744C65616465725061737322206E616D653D2266705F646570744C656164657250617373223E3C6F7074696F6E2076616C75653D2274727565223EE5908CE6848F3C2F6F7074696F6E3E3C6F7074696F6E2076616C75653D2266616C7365223EE9A9B3E59B9E3C2F6F7074696F6E3E3C2F73656C6563743E3C2F74643E3C2F74723E3C74722069643D226C65616465724261636B526561736F6E5472223E3C74643EE9A9B3E59B9EE79086E794B1EFBC9A3C2F74643E3C74643E3C74657874617265612069643D226C65616465724261636B526561736F6E22206E616D653D2266705F6C65616465724261636B526561736F6E223E3C2F74657874617265613E3C2F74643E3C2F74723E3C2F74626F64793E3C2F7461626C653E3C2F6469763E, '0');
INSERT INTO `act_ge_bytearray` VALUES ('85003', '1', 'start.form', '85001', 0x3C64697620636C6173733D227370616E38223E3C7461626C6520636C6173733D227461626C65207461626C652D626F726465726564207461626C652D686F766572207461626C652D636F6E64656E7365642220626F726465723D2231223E3C74626F64793E3C747220636C6173733D226669727374526F77223E3C74643EE8AFB7E58187E7B1BBE59E8BEFBC9A3C2F74643E3C74643E3C73656C6563742069643D226C656176655479706522206E616D653D2266705F6C6561766554797065223E3C6F7074696F6E3EE585ACE4BC913C2F6F7074696F6E3E3C6F7074696F6E3EE79785E581873C2F6F7074696F6E3E3C6F7074696F6E3EE8B083E4BC913C2F6F7074696F6E3E3C6F7074696F6E3EE4BA8BE581873C2F6F7074696F6E3E3C6F7074696F6E3EE5A99AE581873C2F6F7074696F6E3E3C2F73656C6563743E3C2F74643E3C2F74723E3C74723E3C74643EE5BC80E5A78BE697B6E997B4EFBC9A3C2F74643E3C74643E3C696E7075742069643D22737461727454696D6522206E616D653D2266705F737461727454696D652220636C6173733D226461746574696D652072657175697265642220747970653D2274657874222F3E3C2F74643E3C2F74723E3C74723E3C74643EE7BB93E69D9FE697B6E997B4EFBC9A3C2F74643E3C74643E3C696E7075742069643D22656E6454696D6522206E616D653D2266705F656E6454696D652220636C6173733D226461746574696D652072657175697265642220747970653D2274657874222F3E3C2F74643E3C2F74723E3C74723E3C74643EE8AFB7E58187E58E9FE59BA0EFBC9A3C2F74643E3C74643E3C74657874617265612069643D22726561736F6E22206E616D653D2266705F726561736F6E223E3C2F74657874617265613E3C2F74643E3C2F74723E3C2F74626F64793E3C2F7461626C653E3C2F6469763E, '0');
INSERT INTO `act_ge_bytearray` VALUES ('85004', '1', 'leave-formkey.bpmn20.xml', '85001', 0x3C3F786D6C2076657273696F6E3D22312E302220656E636F64696E673D225554462D38223F3E0A3C646566696E6974696F6E7320786D6C6E733D22687474703A2F2F7777772E6F6D672E6F72672F737065632F42504D4E2F32303130303532342F4D4F44454C2220786D6C6E733A7873693D22687474703A2F2F7777772E77332E6F72672F323030312F584D4C536368656D612D696E7374616E63652220786D6C6E733A61637469766974693D22687474703A2F2F61637469766974692E6F72672F62706D6E2220786D6C6E733A62706D6E64693D22687474703A2F2F7777772E6F6D672E6F72672F737065632F42504D4E2F32303130303532342F44492220786D6C6E733A6F6D6764633D22687474703A2F2F7777772E6F6D672E6F72672F737065632F44442F32303130303532342F44432220786D6C6E733A6F6D6764693D22687474703A2F2F7777772E6F6D672E6F72672F737065632F44442F32303130303532342F44492220747970654C616E67756167653D22687474703A2F2F7777772E77332E6F72672F323030312F584D4C536368656D61222065787072657373696F6E4C616E67756167653D22687474703A2F2F7777772E77332E6F72672F313939392F585061746822207461726765744E616D6573706163653D22687474703A2F2F7777772E6B6166656974752E6D652F64656D6F2F61637469766974692F6C65617665223E0A20203C70726F636573732069643D226C656176652D666F726D6B657922206E616D653D22E8AFB7E58187E6B581E7A88B2DE5A496E983A8E8A1A8E58D95223E0A202020203C646F63756D656E746174696F6E3EE8AFB7E58187E6B581E7A88BE6BC94E7A4BA3C2F646F63756D656E746174696F6E3E0A202020203C73746172744576656E742069643D2273746172746576656E743122206E616D653D225374617274222061637469766974693A666F726D4B65793D2273746172742E666F726D222061637469766974693A696E69746961746F723D226170706C79557365724964223E3C2F73746172744576656E743E0A202020203C757365725461736B2069643D22646570744C6561646572417564697422206E616D653D22E983A8E997A8E9A286E5AFBCE5AEA1E689B9222061637469766974693A63616E64696461746547726F7570733D22646570744C6561646572222061637469766974693A666F726D4B65793D22646570742D6C65616465722D61756469742E666F726D223E3C2F757365725461736B3E0A202020203C6578636C7573697665476174657761792069643D226578636C7573697665676174657761793522206E616D653D224578636C75736976652047617465776179223E3C2F6578636C7573697665476174657761793E0A202020203C757365725461736B2069643D226D6F646966794170706C7922206E616D653D22E8B083E695B4E794B3E8AFB7222061637469766974693A61737369676E65653D22247B6170706C795573657249647D222061637469766974693A666F726D4B65793D226D6F646966792D6170706C792E666F726D223E3C2F757365725461736B3E0A202020203C757365725461736B2069643D226872417564697422206E616D653D22E4BABAE4BA8BE5AEA1E689B9222061637469766974693A63616E64696461746547726F7570733D226872222061637469766974693A666F726D4B65793D2268722D61756469742E666F726D223E3C2F757365725461736B3E0A202020203C6578636C7573697665476174657761792069643D226578636C7573697665676174657761793622206E616D653D224578636C75736976652047617465776179223E3C2F6578636C7573697665476174657761793E0A202020203C757365725461736B2069643D227265706F72744261636B22206E616D653D22E99480E58187222061637469766974693A61737369676E65653D22247B6170706C795573657249647D222061637469766974693A666F726D4B65793D227265706F72742D6261636B2E666F726D223E3C2F757365725461736B3E0A202020203C656E644576656E742069643D22656E646576656E743122206E616D653D22456E64223E3C2F656E644576656E743E0A202020203C6578636C7573697665476174657761792069643D226578636C7573697665676174657761793722206E616D653D224578636C75736976652047617465776179223E3C2F6578636C7573697665476174657761793E0A202020203C73657175656E6365466C6F772069643D22666C6F773222206E616D653D222220736F757263655265663D2273746172746576656E743122207461726765745265663D22646570744C65616465724175646974223E3C2F73657175656E6365466C6F773E0A202020203C73657175656E6365466C6F772069643D22666C6F773322206E616D653D222220736F757263655265663D22646570744C6561646572417564697422207461726765745265663D226578636C75736976656761746577617935223E3C2F73657175656E6365466C6F773E0A202020203C73657175656E6365466C6F772069643D22666C6F773422206E616D653D22E4B88DE5908CE6848F2220736F757263655265663D226578636C7573697665676174657761793522207461726765745265663D226D6F646966794170706C79223E0A2020202020203C636F6E646974696F6E45787072657373696F6E207873693A747970653D2274466F726D616C45787072657373696F6E223E3C215B43444154415B247B646570744C656164657250617373203D3D202766616C7365277D5D5D3E3C2F636F6E646974696F6E45787072657373696F6E3E0A202020203C2F73657175656E6365466C6F773E0A202020203C73657175656E6365466C6F772069643D22666C6F773522206E616D653D22E5908CE6848F2220736F757263655265663D226578636C7573697665676174657761793522207461726765745265663D2268724175646974223E0A2020202020203C636F6E646974696F6E45787072657373696F6E207873693A747970653D2274466F726D616C45787072657373696F6E223E3C215B43444154415B247B646570744C656164657250617373203D3D202774727565277D5D5D3E3C2F636F6E646974696F6E45787072657373696F6E3E0A202020203C2F73657175656E6365466C6F773E0A202020203C73657175656E6365466C6F772069643D22666C6F773622206E616D653D222220736F757263655265663D226872417564697422207461726765745265663D226578636C75736976656761746577617936223E3C2F73657175656E6365466C6F773E0A202020203C73657175656E6365466C6F772069643D22666C6F773722206E616D653D22E5908CE6848F2220736F757263655265663D226578636C7573697665676174657761793622207461726765745265663D227265706F72744261636B223E0A2020202020203C636F6E646974696F6E45787072657373696F6E207873693A747970653D2274466F726D616C45787072657373696F6E223E3C215B43444154415B247B687250617373203D3D202774727565277D5D5D3E3C2F636F6E646974696F6E45787072657373696F6E3E0A202020203C2F73657175656E6365466C6F773E0A202020203C73657175656E6365466C6F772069643D22666C6F773822206E616D653D222220736F757263655265663D227265706F72744261636B22207461726765745265663D22656E646576656E7431223E3C2F73657175656E6365466C6F773E0A202020203C73657175656E6365466C6F772069643D22666C6F773922206E616D653D22E4B88DE5908CE6848F2220736F757263655265663D226578636C7573697665676174657761793622207461726765745265663D226D6F646966794170706C79223E0A2020202020203C636F6E646974696F6E45787072657373696F6E207873693A747970653D2274466F726D616C45787072657373696F6E223E3C215B43444154415B247B687250617373203D3D202766616C7365277D5D5D3E3C2F636F6E646974696F6E45787072657373696F6E3E0A202020203C2F73657175656E6365466C6F773E0A202020203C73657175656E6365466C6F772069643D22666C6F77313022206E616D653D22E9878DE696B0E794B3E8AFB72220736F757263655265663D226578636C7573697665676174657761793722207461726765745265663D22646570744C65616465724175646974223E0A2020202020203C636F6E646974696F6E45787072657373696F6E207873693A747970653D2274466F726D616C45787072657373696F6E223E3C215B43444154415B247B72654170706C79203D3D202774727565277D5D5D3E3C2F636F6E646974696F6E45787072657373696F6E3E0A202020203C2F73657175656E6365466C6F773E0A202020203C73657175656E6365466C6F772069643D22666C6F77313122206E616D653D222220736F757263655265663D226D6F646966794170706C7922207461726765745265663D226578636C75736976656761746577617937223E3C2F73657175656E6365466C6F773E0A202020203C73657175656E6365466C6F772069643D22666C6F77313222206E616D653D22E7BB93E69D9FE6B581E7A88B2220736F757263655265663D226578636C7573697665676174657761793722207461726765745265663D22656E646576656E7431223E0A2020202020203C636F6E646974696F6E45787072657373696F6E207873693A747970653D2274466F726D616C45787072657373696F6E223E3C215B43444154415B247B72654170706C79203D3D202766616C7365277D5D5D3E3C2F636F6E646974696F6E45787072657373696F6E3E0A202020203C2F73657175656E6365466C6F773E0A20203C2F70726F636573733E0A20203C62706D6E64693A42504D4E4469616772616D2069643D2242504D4E4469616772616D5F6C656176652D666F726D6B6579223E0A202020203C62706D6E64693A42504D4E506C616E652062706D6E456C656D656E743D226C656176652D666F726D6B6579222069643D2242504D4E506C616E655F6C656176652D666F726D6B6579223E0A2020202020203C62706D6E64693A42504D4E53686170652062706D6E456C656D656E743D2273746172746576656E7431222069643D2242504D4E53686170655F73746172746576656E7431223E0A20202020202020203C6F6D6764633A426F756E6473206865696768743D223335222077696474683D2233352220783D2231302220793D223930223E3C2F6F6D6764633A426F756E64733E0A2020202020203C2F62706D6E64693A42504D4E53686170653E0A2020202020203C62706D6E64693A42504D4E53686170652062706D6E456C656D656E743D22646570744C65616465724175646974222069643D2242504D4E53686170655F646570744C65616465724175646974223E0A20202020202020203C6F6D6764633A426F756E6473206865696768743D223535222077696474683D223130352220783D2239302220793D223830223E3C2F6F6D6764633A426F756E64733E0A2020202020203C2F62706D6E64693A42504D4E53686170653E0A2020202020203C62706D6E64693A42504D4E53686170652062706D6E456C656D656E743D226578636C75736976656761746577617935222069643D2242504D4E53686170655F6578636C75736976656761746577617935223E0A20202020202020203C6F6D6764633A426F756E6473206865696768743D223430222077696474683D2234302220783D223235302220793D223837223E3C2F6F6D6764633A426F756E64733E0A2020202020203C2F62706D6E64693A42504D4E53686170653E0A2020202020203C62706D6E64693A42504D4E53686170652062706D6E456C656D656E743D226D6F646966794170706C79222069643D2242504D4E53686170655F6D6F646966794170706C79223E0A20202020202020203C6F6D6764633A426F756E6473206865696768743D223535222077696474683D223130352220783D223231382220793D22313930223E3C2F6F6D6764633A426F756E64733E0A2020202020203C2F62706D6E64693A42504D4E53686170653E0A2020202020203C62706D6E64693A42504D4E53686170652062706D6E456C656D656E743D2268724175646974222069643D2242504D4E53686170655F68724175646974223E0A20202020202020203C6F6D6764633A426F756E6473206865696768743D223535222077696474683D223130352220783D223335382220793D223830223E3C2F6F6D6764633A426F756E64733E0A2020202020203C2F62706D6E64693A42504D4E53686170653E0A2020202020203C62706D6E64693A42504D4E53686170652062706D6E456C656D656E743D226578636C75736976656761746577617936222069643D2242504D4E53686170655F6578636C75736976656761746577617936223E0A20202020202020203C6F6D6764633A426F756E6473206865696768743D223430222077696474683D2234302220783D223439352220793D223837223E3C2F6F6D6764633A426F756E64733E0A2020202020203C2F62706D6E64693A42504D4E53686170653E0A2020202020203C62706D6E64693A42504D4E53686170652062706D6E456C656D656E743D227265706F72744261636B222069643D2242504D4E53686170655F7265706F72744261636B223E0A20202020202020203C6F6D6764633A426F756E6473206865696768743D223535222077696474683D223130352220783D223539302220793D223830223E3C2F6F6D6764633A426F756E64733E0A2020202020203C2F62706D6E64693A42504D4E53686170653E0A2020202020203C62706D6E64693A42504D4E53686170652062706D6E456C656D656E743D22656E646576656E7431222069643D2242504D4E53686170655F656E646576656E7431223E0A20202020202020203C6F6D6764633A426F756E6473206865696768743D223335222077696474683D2233352220783D223632352220793D22323833223E3C2F6F6D6764633A426F756E64733E0A2020202020203C2F62706D6E64693A42504D4E53686170653E0A2020202020203C62706D6E64693A42504D4E53686170652062706D6E456C656D656E743D226578636C75736976656761746577617937222069643D2242504D4E53686170655F6578636C75736976656761746577617937223E0A20202020202020203C6F6D6764633A426F756E6473206865696768743D223430222077696474683D2234302220783D223235302220793D22323830223E3C2F6F6D6764633A426F756E64733E0A2020202020203C2F62706D6E64693A42504D4E53686170653E0A2020202020203C62706D6E64693A42504D4E456467652062706D6E456C656D656E743D22666C6F7732222069643D2242504D4E456467655F666C6F7732223E0A20202020202020203C6F6D6764693A776179706F696E7420783D2234352220793D22313037223E3C2F6F6D6764693A776179706F696E743E0A20202020202020203C6F6D6764693A776179706F696E7420783D2239302220793D22313037223E3C2F6F6D6764693A776179706F696E743E0A2020202020203C2F62706D6E64693A42504D4E456467653E0A2020202020203C62706D6E64693A42504D4E456467652062706D6E456C656D656E743D22666C6F7733222069643D2242504D4E456467655F666C6F7733223E0A20202020202020203C6F6D6764693A776179706F696E7420783D223139352220793D22313037223E3C2F6F6D6764693A776179706F696E743E0A20202020202020203C6F6D6764693A776179706F696E7420783D223235302220793D22313037223E3C2F6F6D6764693A776179706F696E743E0A2020202020203C2F62706D6E64693A42504D4E456467653E0A2020202020203C62706D6E64693A42504D4E456467652062706D6E456C656D656E743D22666C6F7734222069643D2242504D4E456467655F666C6F7734223E0A20202020202020203C6F6D6764693A776179706F696E7420783D223237302220793D22313237223E3C2F6F6D6764693A776179706F696E743E0A20202020202020203C6F6D6764693A776179706F696E7420783D223237302220793D22313930223E3C2F6F6D6764693A776179706F696E743E0A20202020202020203C62706D6E64693A42504D4E4C6162656C3E0A202020202020202020203C6F6D6764633A426F756E6473206865696768743D223131222077696474683D223130302220783D2231302220793D2230223E3C2F6F6D6764633A426F756E64733E0A20202020202020203C2F62706D6E64693A42504D4E4C6162656C3E0A2020202020203C2F62706D6E64693A42504D4E456467653E0A2020202020203C62706D6E64693A42504D4E456467652062706D6E456C656D656E743D22666C6F7735222069643D2242504D4E456467655F666C6F7735223E0A20202020202020203C6F6D6764693A776179706F696E7420783D223239302220793D22313037223E3C2F6F6D6764693A776179706F696E743E0A20202020202020203C6F6D6764693A776179706F696E7420783D223335382220793D22313037223E3C2F6F6D6764693A776179706F696E743E0A20202020202020203C62706D6E64693A42504D4E4C6162656C3E0A202020202020202020203C6F6D6764633A426F756E6473206865696768743D223131222077696474683D223130302220783D222D32342220793D222D3137223E3C2F6F6D6764633A426F756E64733E0A20202020202020203C2F62706D6E64693A42504D4E4C6162656C3E0A2020202020203C2F62706D6E64693A42504D4E456467653E0A2020202020203C62706D6E64693A42504D4E456467652062706D6E456C656D656E743D22666C6F7736222069643D2242504D4E456467655F666C6F7736223E0A20202020202020203C6F6D6764693A776179706F696E7420783D223436332220793D22313037223E3C2F6F6D6764693A776179706F696E743E0A20202020202020203C6F6D6764693A776179706F696E7420783D223439352220793D22313037223E3C2F6F6D6764693A776179706F696E743E0A2020202020203C2F62706D6E64693A42504D4E456467653E0A2020202020203C62706D6E64693A42504D4E456467652062706D6E456C656D656E743D22666C6F7737222069643D2242504D4E456467655F666C6F7737223E0A20202020202020203C6F6D6764693A776179706F696E7420783D223533352220793D22313037223E3C2F6F6D6764693A776179706F696E743E0A20202020202020203C6F6D6764693A776179706F696E7420783D223539302220793D22313037223E3C2F6F6D6764693A776179706F696E743E0A20202020202020203C62706D6E64693A42504D4E4C6162656C3E0A202020202020202020203C6F6D6764633A426F756E6473206865696768743D223131222077696474683D223130302220783D222D32322220793D222D3137223E3C2F6F6D6764633A426F756E64733E0A20202020202020203C2F62706D6E64693A42504D4E4C6162656C3E0A2020202020203C2F62706D6E64693A42504D4E456467653E0A2020202020203C62706D6E64693A42504D4E456467652062706D6E456C656D656E743D22666C6F7738222069643D2242504D4E456467655F666C6F7738223E0A20202020202020203C6F6D6764693A776179706F696E7420783D223634322220793D22313335223E3C2F6F6D6764693A776179706F696E743E0A20202020202020203C6F6D6764693A776179706F696E7420783D223634322220793D22323833223E3C2F6F6D6764693A776179706F696E743E0A2020202020203C2F62706D6E64693A42504D4E456467653E0A2020202020203C62706D6E64693A42504D4E456467652062706D6E456C656D656E743D22666C6F7739222069643D2242504D4E456467655F666C6F7739223E0A20202020202020203C6F6D6764693A776179706F696E7420783D223531352220793D22313237223E3C2F6F6D6764693A776179706F696E743E0A20202020202020203C6F6D6764693A776179706F696E7420783D223531342220793D22323137223E3C2F6F6D6764693A776179706F696E743E0A20202020202020203C6F6D6764693A776179706F696E7420783D223332332220793D22323137223E3C2F6F6D6764693A776179706F696E743E0A20202020202020203C62706D6E64693A42504D4E4C6162656C3E0A202020202020202020203C6F6D6764633A426F756E6473206865696768743D223131222077696474683D223130302220783D2231302220793D2230223E3C2F6F6D6764633A426F756E64733E0A20202020202020203C2F62706D6E64693A42504D4E4C6162656C3E0A2020202020203C2F62706D6E64693A42504D4E456467653E0A2020202020203C62706D6E64693A42504D4E456467652062706D6E456C656D656E743D22666C6F773130222069643D2242504D4E456467655F666C6F773130223E0A20202020202020203C6F6D6764693A776179706F696E7420783D223235302220793D22333030223E3C2F6F6D6764693A776179706F696E743E0A20202020202020203C6F6D6764693A776179706F696E7420783D223134322220793D22323939223E3C2F6F6D6764693A776179706F696E743E0A20202020202020203C6F6D6764693A776179706F696E7420783D223134322220793D22313335223E3C2F6F6D6764693A776179706F696E743E0A20202020202020203C62706D6E64693A42504D4E4C6162656C3E0A202020202020202020203C6F6D6764633A426F756E6473206865696768743D223131222077696474683D223130302220783D2231302220793D2230223E3C2F6F6D6764633A426F756E64733E0A20202020202020203C2F62706D6E64693A42504D4E4C6162656C3E0A2020202020203C2F62706D6E64693A42504D4E456467653E0A2020202020203C62706D6E64693A42504D4E456467652062706D6E456C656D656E743D22666C6F773131222069643D2242504D4E456467655F666C6F773131223E0A20202020202020203C6F6D6764693A776179706F696E7420783D223237302220793D22323435223E3C2F6F6D6764693A776179706F696E743E0A20202020202020203C6F6D6764693A776179706F696E7420783D223237302220793D22323830223E3C2F6F6D6764693A776179706F696E743E0A2020202020203C2F62706D6E64693A42504D4E456467653E0A2020202020203C62706D6E64693A42504D4E456467652062706D6E456C656D656E743D22666C6F773132222069643D2242504D4E456467655F666C6F773132223E0A20202020202020203C6F6D6764693A776179706F696E7420783D223239302220793D22333030223E3C2F6F6D6764693A776179706F696E743E0A20202020202020203C6F6D6764693A776179706F696E7420783D223632352220793D22333030223E3C2F6F6D6764693A776179706F696E743E0A20202020202020203C62706D6E64693A42504D4E4C6162656C3E0A202020202020202020203C6F6D6764633A426F756E6473206865696768743D223131222077696474683D223130302220783D2231302220793D2230223E3C2F6F6D6764633A426F756E64733E0A20202020202020203C2F62706D6E64693A42504D4E4C6162656C3E0A2020202020203C2F62706D6E64693A42504D4E456467653E0A202020203C2F62706D6E64693A42504D4E506C616E653E0A20203C2F62706D6E64693A42504D4E4469616772616D3E0A3C2F646566696E6974696F6E733E, '0');
INSERT INTO `act_ge_bytearray` VALUES ('85005', '1', 'hr-audit.form', '85001', 0x3C64697620636C6173733D227370616E38223E3C7461626C6520636C6173733D227461626C65207461626C652D626F726465726564207461626C652D686F766572207461626C652D636F6E64656E736564223E3C74626F64793E3C747220636C6173733D226669727374526F77223E3C74642077696474683D22313030223EE794B3E8AFB7E4BABAEFBC9A3C2F74643E3C7464206E616D653D22757365724964223E247B6170706C795573657249647D3C2F74643E3C2F74723E3C74723E3C74643EE58187E7A78DEFBC9A3C2F74643E3C7464206E616D653D226C6561766554797065223E247B6C65617665547970657D3C2F74643E3C2F74723E3C74723E3C74643EE8AFB7E581873C7370616E207374796C653D22636F6C6F723A726564223EE5BC80E5A78B3C2F7370616E3EE697B6E997B4EFBC9A3C2F74643E3C7464206E616D653D22737461727454696D65223E247B737461727454696D657D3C2F74643E3C2F74723E3C74723E3C74643EE8AFB7E581873C7370616E207374796C653D22636F6C6F723A726564223EE7BB93E69D9F3C2F7370616E3EE697B6E997B4EFBC9A3C2F74643E3C7464206E616D653D22656E6454696D65223E247B656E6454696D657D3C2F74643E3C2F74723E3C74723E3C74643EE8AFB7E58187E4BA8BE794B1EFBC9A3C2F74643E3C7464206E616D653D22726561736F6E223E247B726561736F6E7D3C2F74643E3C2F74723E3C74723E3C74643EE698AFE590A6E5908CE6848FE794B3E8AFB7EFBC9A3C2F74643E3C74643E3C73656C6563742069643D2268725061737322206E616D653D2266705F687250617373223E3C6F7074696F6E2076616C75653D2274727565223EE5908CE6848F3C2F6F7074696F6E3E3C6F7074696F6E2076616C75653D2266616C7365223EE9A9B3E59B9E3C2F6F7074696F6E3E3C2F73656C6563743E3C2F74643E3C2F74723E3C74722069643D2268724261636B526561736F6E5472223E3C74643EE9A9B3E59B9EE79086E794B1EFBC9A3C2F74643E3C74643E3C74657874617265612069643D2268724261636B526561736F6E22206E616D653D2266705F68724261636B526561736F6E223E3C2F74657874617265613E3C2F74643E3C2F74723E3C2F74626F64793E3C2F7461626C653E3C2F6469763E, '0');
INSERT INTO `act_ge_bytearray` VALUES ('85006', '1', 'report-back.form', '85001', 0x3C64697620636C6173733D227370616E38223E3C7461626C6520636C6173733D227461626C65207461626C652D626F726465726564207461626C652D686F766572207461626C652D636F6E64656E736564223E3C74626F64793E3C747220636C6173733D226669727374526F77223E3C74642077696474683D22313030223EE794B3E8AFB7E4BABAEFBC9A3C2F74643E3C7464206E616D653D22757365724964223E247B6170706C795573657249647D3C2F74643E3C2F74723E3C74723E3C74643EE58187E7A78DEFBC9A3C2F74643E3C7464206E616D653D226C6561766554797065223E247B6C65617665547970657D3C2F74643E3C2F74723E3C74723E3C74643EE8AFB7E581873C7370616E207374796C653D22636F6C6F723A726564223EE5BC80E5A78B3C2F7370616E3EE697B6E997B4EFBC9A3C2F74643E3C7464206E616D653D22737461727454696D65223E247B737461727454696D657D3C2F74643E3C2F74723E3C74723E3C74643EE8AFB7E581873C7370616E207374796C653D22636F6C6F723A726564223EE7BB93E69D9F3C2F7370616E3EE697B6E997B4EFBC9A3C2F74643E3C7464206E616D653D22656E6454696D65223E247B656E6454696D657D3C2F74643E3C2F74723E3C74723E3C74643EE8AFB7E58187E4BA8BE794B1EFBC9A3C2F74643E3C7464206E616D653D22726561736F6E223E247B726561736F6E7D3C2F74643E3C2F74723E3C74723E3C74643EE5BC80E5A78BE697B6E997B4EFBC9A3C2F74643E3C74643E3C696E7075742069643D22737461727454696D6522206E616D653D2266705F737461727454696D652220636C6173733D226461746574696D652220747970653D2274657874222F3E3C2F74643E3C2F74723E3C74723E3C74643EE7BB93E69D9FE697B6E997B4EFBC9A3C2F74643E3C74643E3C696E7075742069643D22656E6454696D6522206E616D653D2266705F656E6454696D652220636C6173733D226461746574696D652220747970653D2274657874222F3E3C2F74643E3C2F74723E3C2F74626F64793E3C2F7461626C653E3C2F6469763E, '0');
INSERT INTO `act_ge_bytearray` VALUES ('85007', '1', 'modify-apply.form', '85001', 0x3C64697620636C6173733D227370616E38223E3C68322069643D226572726F722220636C6173733D22616C65727420616C6572742D6572726F72223EE794B3E8AFB7E8A2ABE9A9B3E59B9EEFBC81EFBC81EFBC813C2F68323E3C7461626C6520636C6173733D227461626C65207461626C652D626F726465726564207461626C652D686F766572207461626C652D636F6E64656E7365642220626F726465723D2231223E3C74626F64793E3C747220636C6173733D226669727374526F77223E3C74643EE8AFB7E58187E7B1BBE59E8BEFBC9A3C2F74643E3C74643E3C73656C6563742069643D226C656176655479706522206E616D653D2266705F6C6561766554797065223E3C6F7074696F6E3EE585ACE4BC913C2F6F7074696F6E3E3C6F7074696F6E3EE79785E581873C2F6F7074696F6E3E3C6F7074696F6E3EE8B083E4BC913C2F6F7074696F6E3E3C6F7074696F6E3EE4BA8BE581873C2F6F7074696F6E3E3C6F7074696F6E3EE5A99AE581873C2F6F7074696F6E3E3C2F73656C6563743E3C2F74643E3C2F74723E3C74723E3C74643EE5BC80E5A78BE697B6E997B4EFBC9A3C2F74643E3C74643E3C696E7075742069643D22737461727454696D65222076616C75653D22247B737461727454696D657D22206E616D653D2266705F737461727454696D652220636C6173733D226461746574696D652072657175697265642220747970653D2274657874222F3E3C2F74643E3C2F74723E3C74723E3C74643EE7BB93E69D9FE697B6E997B4EFBC9A3C2F74643E3C74643E3C696E7075742069643D22656E6454696D65222076616C75653D22247B656E6454696D657D22206E616D653D2266705F656E6454696D652220636C6173733D226461746574696D652072657175697265642220747970653D2274657874222F3E3C2F74643E3C2F74723E3C74723E3C74643EE8AFB7E58187E58E9FE59BA0EFBC9A3C2F74643E3C74643E3C74657874617265612069643D22726561736F6E22206E616D653D2266705F726561736F6E223E247B726561736F6E7D3C2F74657874617265613E3C2F74643E3C2F74723E3C74723E3C74643EE698AFE590A6E7BBA7E7BBADE794B3E8AFB7EFBC9A3C2F74643E3C74643E3C73656C6563742069643D2272654170706C7922206E616D653D2266705F72654170706C79223E3C6F7074696F6E2076616C75653D2274727565223EE9878DE696B0E794B3E8AFB73C2F6F7074696F6E3E3C6F7074696F6E2076616C75653D2266616C7365223EE7BB93E69D9FE6B581E7A88B3C2F6F7074696F6E3E3C2F73656C6563743E3C2F74643E3C2F74723E3C2F74626F64793E3C2F7461626C653E3C2F6469763E, '0');
INSERT INTO `act_ge_bytearray` VALUES ('85008', '1', 'leave-formkey.leave-formkey.png', '85001', 0x89504E470D0A1A0A0000000D49484452000002D90000015B080600000000DD92D0000030F84944415478DAEDDD0BB8D5659D2F70BA4D35D65467EC341EEBCC34D39CE3E3D3741CC7267B9A8A99C75227D3B260B3F606DC953246A44079CB18486234B50491BCE4A89969462AC67849D8201241E2852151D4BC10220891172414B1FF797FCBF5DFADBDD857F6DA7BAFB5F7E7F33CEFB3AE7B6FF8FFD7EF7DBFEB5DEFFAFF870D030000AA6FE2798B0F9874FEE243B22CFBB7E7B3ECE48E5A7AFC8BF1BC13662DFA87767FCFF98BB289B3174FCD2F6D590000866EC83E7FD17F158371476DF6E23FEC76DFAC96AF76FA33A59F9B34FBF697D3F55D11CE6D6900008652C88E50BC2ABF6CEF3993672DFAD7783CBF9C366DF16BE3FE2CCBFE346E2727942EBF14972F64D9574AB7BF326DDAB45747B3A501001852217BD2EC96E3BB9C992E0BD93D69336EF8CDFDAFCC6C2F9A626B0300306442764F67B28B3F77C1C20F4E9CD532E6912CFBC6C26DD94595EDF75976723CFE95D98BF7B395010018B221FBE44B573EDDDE6CF4E957FCF7A6DD42F6F98B2E88EBDFBEF5993BE3F2C627B21FE45F922CCE605FB7EE81D2CFFFD256060060C886ECE2D291F3174F8FCBBBB3EC5BA575D507562E17290FD91D7D51F2F42B563D55BA6FB1AD0C00C0900ED9A97D3F2E7FF450F69352C8FE70BB217BF6A28B3B0BD95FBBE2DECDA5B5D84B6C650000866CC8FEDA65F76C49972F4CBAE0F65D6581F9857FBF6ACDFAF2903D79CE92777DF1BB4BDF9602F8C1A97DFC2B17B4FC65DC7FE2F98B4EC82FE3B927CE5CF88EFCD2960600604885EC13CF6FB927BF6CEF3927CE5E7464F1F1D265E958D963F2EBC9B17179C98AECB6C973EED8F9ED5B9E5EB936CBBE19F7DD9B6567979E77B4AD0D00C09009D99D1D5D64D2F98BCE6E6F5948F2D18E0EDBF7EF57AF7D3C2E67DEB66DF9A4EFB4EC3B69D6E263E2D2D6060060489876F9E237C4C965F2CBDD1E8FC7A6FDF84FF24B5B0C00000000000000000000000000000000E899DF65D96959965D94DAACE7B3ECE4BCA5DBA7C5E100A75C71F70BE9FA399BB2ECEBE9F20DF133E9B2219E138F5FB56CF363E9F629A5C30B5E91DA8CD4FE33B5EB8BA78B9FB3F83DF1335F3EFF8EB78F9FB3F84DF9DF1D77F1FC3F2D3BA5FC21EDFDDBD2EFF8ABD49AF353CEC78978E2243B2F67D9C4B8FD83D5D90D13672FFED4C4D98B3E644F02005033BEF7CBECC1F2636D9FF2BD952F74741CEEE4037148C18E1ECFDB57E62C7DB9EC67F68BBF73C3FAECDEF2E79CD7F2FC96F67EF63BF3D66E89E74F9B36EDD597ACC87E96DFBF3ECBFEBD3594E767C64CED8C9F3CFA60E9EFFCBDBD0900C080FBD2050BFFFCF93FCE421FF342969DB435CB96C4ED932F59FE52EB496E4AA777BFFCBFB39FC671BDF3FB4FBAE817DBA35506E5932E59F1DCB22DD9DDA553C47F2AFE56FAFD63CB9FF3D58B7EBEABFCF6A4394BE254F2D959D7DCFB7CF9BF313FAB6572F889B35B46C4F52BD2BFE39533612EBEFEDBB73CB3B2787DE6C2F7DBA300000CB8145C0F8A803AE3278FAF9DB960DBF28AB0FC58F1B1EBD63D3069D6A271E9FACEC9B316FE73FC5CFE9C8B7F996D6C6F367AD2ECDBFF907EF7DCB81E33D2BF2B2D3D89F61F376EDC54FEDC93BFF7CB9D953F7FE12FB29698312F9EB1B2B45464E2F98B6F4EBFB3A9FC79537FF8C0BAFCBABD0900404D88101B01F55BF39EFCD52B33D07F9CBD2E6F57DD1FEBAB5B261603F6050B3F5816A65F6E735AF71FDCB7212EBF71CD838FFD71BD75CBC7633D767EFBD2953B36A5B0BC22BF7DE6BC5F3F77C92F7FFFD4452D8F6F2D06EC65594BE90DC0D8AF5D7EEFE6FC7967DDB871755C5EFD7036F7AAD5D9BC7CD948DC2E3E67D6A2D3EC5100006A46C5BAEB6280BDF1FE2CBED0B8B0B42CE4A57C3946F9729157967D2CDBD5CEDAEDA32B67984F9CBDB821BFEFB2BBFE38037EDE7F3DF6CCF5ABB30DAD33DB97AC78AEBD7FDBA4F3177D34FDDE711DAD039FF49D967DED4900006A420AAEE7FFF14B8F773EB33DCB6E7A659678F11FCABF60F8950B7FFE52316477F2C5C7AF7E77C9AED297145B3A0BD995EDDC9F6D7DA2ECF6AAFC672258178F70F2835FB53E3EE5076B9E48FFE67DE2FA37AF5BF7405CFEE7DDD9CDF6240000B512B03F5A1E7663FDF50FEE7AF6917666A66FCF678B638D7571C6F9E2152FB61EE1E3C7BFDE16972BD6656B4ACF1FD993905DDE4E9CDD724D3160A7BF55F16FF8F8E5F766FF15D7275FB0A4CDB216211B00809AF24A686E79285A0AB25F4CAD78D8BC6FCF7BF49989E72FFE69B429A5B5D693E72C7957FC4C672179D205AF1C25A43264A7DFFBED5258BE2CFE4E45803EA4ECFAD5C5907DDEC2BF9E34BBE5F8FCFE6B1FCBAE49FFC6EF1597AF5CBCFCF9F29FFFFE7DD98DF624000035218E1672EDCADFDF38ADEC8B8AC90DADEBA56F7DE6CE68AF1CFB7AC9CE52583EA46DB06E599D2FEB78E5CB902D9F3BF1FC4527E4B7E3043279309F74C1ED7F58966533DB9929BFBC74F983FCDF50FCF7A550DFFABCD62F5CB63C1427B5297E69B2F465C8D46EB5370100A80929CCEE5B1978BFBF7AFBAF773B41CCC2EDCB4BE1B7F5107E275F941F89A4E5F27C09493E737DDECF9EFD65F9EDF8B9D2CF8F4DEDE2F666C0FFFD876B9F290BDDA3CAFE8D27E44B553A5D6A326BD1647B1400807A0EE76F8D366DDA8FFF24BF2F8E3A1227B7293DFE8658EF7DE2CC85EFA8FCD998858E563C0EF6F98B3EDAD5DF8ADFD97A6493F43311E85BFF66C56D0000000000000000000000000000000000000000000000000000000000000000000000000000000000000000000000000000000000000000000000000000000000000000000000000000000000000000000000000000000000000000000000000000000000000000000000000000000000000000000000000000000000000000000000000000000000000000000000000000000000000000000000000000000000000000000000000000000000000000000000000000000000000000000000007A2FCBB2D73EFAE8A37357AC58F1724B4B4BB660C102AD06DAC2850BB33BEEB8E3B7A98DF62A457FA1E92F509FEA933A1305B974E9D26CF3E6CDD98B2FBEA8D550DBB2654BB664C9926753817ED62B15FD85A6BF407DAA4FEA48BCE35590355D982FA677C20F78A5A2BFD0F417A84FF5491D898F94BCF86BBBA5A27CC92B15FD85A6BF407DAA4FEA48AC17F2C2AFF9A2CCBC52D15F68FA0BD4A7FA641016E5F3CF6CCC1E5D7979B666E119C516D7E33E45A328D15FE82FF417A84F4D7DB20745B9EDE90DD97D3F9B92FDF74D27B569715F3CA67014650D79AB4DA0BFD05FA869F5A93ED527755194EBD7FC74B782CCDB136BE62B1C45592B0E4B2D2B5DA2BFD05FA869F5A93ED527B55D940F2CFE568745198F291C4559030E49EDE9D4CE2B5D1E6193E82FF4176A5A7DAA4FF5494D17E57D0BA6755894F198C251943532181F5136FBB5C5A0ACBFD05FA869F5A93ED5673F99366DDA5BE7CC99F3CDE9D3A7DF3565CA942DE3C78FDFD9D4D4948D1A35AAD8C68D1BB7EBE4934F7EFA8C33CE58F5DDEF7EF7E2AF7FFDEB7FA32815A5A2ACABC1B8ABFBD15FE82FD4B4FA549FEAB35A66CC9871E8D4A953EF1D3D7AF41F52B8CEE6CD9B97AD5EBDBA7856A45DBB7665B9AD5BB7666BD7AECD6EBDF5D6ECDC73CFCDE2F92974AF4F3F336EF8F0E1AF1DAA4519DF3EEEA828E33185A32807C8615D0CBAF9E3D673EA2FF4176A5A7DAA4FF5594D13274EFCABD34E3B6DD5B1C71EFB87B973E71643744FECDCB9335BB66C59F6F5AF7FFD0FE3C78FDF74DC71C71D39148BF2E16517745894F198C251940338187735D89AFDD25FE82FD4B4FA549FEAB39AA64C9932E10B5FF8C24BDFFFFEF7B3EDDBB767BDB572E5CA2C85EC9DC71F7FFCBC112346BC692815E5D60DABB3FB6E9BBAFB474BE9BE784CE128CA01FA38F9B03E7A3EFA0BFD859A569F9AFA6CCFA9A79E7AF197BEF4A55D77DF7D77564DCF3DF75C3667CE9C9DCDCDCD4FA6A0FD1743A528A33D76D795BB1565DCA76814E5000DC647ECC1CF6D3328EB2FF4176A5A7DAA4FF5D98B803D61C2849763BD755FB9FAEAAB5F1E3D7AF4B32968BF674814E50B2F640FFFE2C2DD3F5A4AF7C5630A4751D6F860EC6366FD85FE424DAB4FF5A93E7B239688C40C765F06ECDC8D37DEF8420ADA1BEA7D46BBABA28C33403DB46C76876BB8E23167895294FDE0B02A0DA6871994F517FA0B35AD3ED5A7FAEC81F89263ACC15EB56A55D65F7EF8C31F3ED9D8D8F8D37A3EF248874599DED16E7C7851F6AB5BBFD66141E62D9E13CFF52E5851F6F1605CAD8F85CD7EE92FF4176A5A7DAA4FF5D95DA79E7AEAAFE24B8EFDEDC4134F7CB2A1A161C2602ACAAEDEED7A17AC2807E0E3E47C307E556AC7942E7BA2F2E77C714A7FA1BF50D3EA537DAACFAEC471B0E3307DD5388A484F6DD8B061576363E3EF0A85C2DE83A528BBF36EB7B377C10A4951F6D1EC540CA6FF995A56BA7C550F06E3F67E4ED0D65FE82FD4B4FA549FEAB33371A299EBAFBF3E1B28679D75D69A14B2CF1C2C45B9A705993785A428FBE8E3DF634A836AD68341B97C30CEDBD8763EB6B674447FA1BF50D3EA537D1ACFCBC5A9D2E3CC8C3D3DD14C9567B337A790FDDB7A5C9BDDDD43FE688AB21F753448B637B8763628B7F7FC4BDB79BEF59CFA0BFD859A569F9AF1BCD285175E78669C2A7DA07DF18B5F7C3005ED7F52949A903D6C58AA85057B580F5D7D21AABB83727707E3613E66EEFEFED25F0CDDFE424DAB4F6D088EE7D3A74FBF6BFEFCF9031EB267CE9CB9AC96968C284A453990468D1A95458BD7614343C3C13DFC38B9AB41B1AB41B9A78371F9DFDF321467B4BBBBBFF41743B7BF50D3EA531B82E3F9942953B6AC5EBD7AC043F68A152B56A52258AC283521FB8FAFBFB2764B176FFA7AFAF16E4783F2ABF77030EEEA63ED2111B2BBDA5FFA0B215B4DAB4F6D088DE7E3C78FDFD91F279FE9CAA64D9B36A617FE4645A909D9EDBEFE5ADFF4B5F33ADCD3F593ED0DCA0FF66230EEEDBF673085EC76F797FE42C856D3EA531B42E379535353B66BD7AEAC16C48B5E516A4276C7AFBFF2377DA54F587A3BCBD4DEA0DC9BC1B8A71F730FEA905DB9BFF41742B69A569FDA101ACFE305562BEA2164D75251EED8B1A3660BA196FE6DDDD89775D98E3EFAE87CE03CAF972FF757B733DBF560E9FEDE386FB06EFB3D6D436510AFE5BEA996FB0B35AD3E3533D97D1AB2877A51466778FCF1C7B7DE7EF6D967B338BC62DECA07AF78EE073FF8C1E2F5030E38207BFFFBDF9FDD78E38DD9D8B1638BEDB6DB6E6BF3BBE36443F13377DE7967B66EDDBAEC965B6E69D33EFDE94F6737DD74539BDF1FED35AF794D6B1B397264F1BE4F7CE2139D0EB0F19C4F7EF2935DFE5F3FFFF9CFB75ECFFF765CFFCE77BE6326BBFDB632BDB93BA2EC7097BD3DBD7267B35E3D39B98599EC6EECAF5A19C4CBFB8ECAF6F4D34FB7E973A2BDE52D6FC93EF0810FB4B96FCB962DC5E7D67AFDD7C14CB69A569F7B54C37164B87C6C8FCBE5CB9717EF8FBADCB66D5B9BE75F77DD75C54C1019216F91033EFCE10F67E9FF9F2D59B244C81ECC6BB25387FD648DAFC9EED3A24CFBA138E0E49D615CBFF2CA2B8BC1376E1F75D4516D06A2B2175BB150E272BFFDF6CB2EBBECB2629B356B56F1BEF2BF317DFAF4E27D8D8D8DD9FDF7DF9F5D72C925D9E4C9938BF7CD9C39B318D4E7CE9DDBA688E3672AFFADF19C78ECB1C71E2BDE5EBB766D9B409E07F168713D0FE8F9BFB5FCF7FFCBBFFC4BEBF5B3CF3EBBF57AFC7B84EC4E07E2CAC16F5B1FADDFDC9341D99AEC0EF6572D85ECF7BEF7BDED3EB66AD5AAD6FD1FE1BAB25F8AFBA2C5ED383255ADD77F0D876C35AD3EF7A8DD73CF3DC57D79E081076677DD7557B1BEDEF7BEF7B56682871F7EB87879C20927B4A9B7ABAFBEBAB5D6E272D9B265C5F13CBF3F26E084EC2A3BFDF4D37FBB66CD9A5A39BAC8D2A15A947970BDE1861B5AAFC73BCDB8BCF6DA6B5BEF8BE2C90BA6BC802ADB934F3ED926644731C5ED38924C5CEEBDF7DED9D2A54B8BD7DFFEF6B7672D2D2DD9E2C58B771B882B5B1EF6F7D9679FD6E73DF1C413C5FBAEBAEAAAE2BBE768F17762763CBF1D2D9E73C51557648F3CF24876D14517156FBFEE75AF2B06FEB87EE9A597B61964DB9B251B82217B79A150F854374ED4D4D359A68E0EE9D5DE91087A32280FF5A38B74BABF6A2964C79BF2CE9E13B36479502E0FCD7119B3DAF552FF3518B2D5B4FADCE3B669D3A6D6FD189F7AC764597CE29D6785B88C89B6B8CC3FF9CE6B2C02795CDE77DF7D6D6A2EAFCF08DB427695C571B26FBEF9E69A384E762A8073867251E6C571EEB9E7B606E4B88C19EDF6DE95763764E7613A06B8B88C412E7FE7BAFFFEFB671FFBD8C75A07BDCA99ECFCE3A8CA161F17E7036B0CB211D263562B7E57FC1F264C98507C3C66E2F3D9F508FA51F4EBD7AF2FBE99C8037EFC7BF259B1BC33888FB5CA3F4E1E8221BBB359AEDECE367575CCDC57EDE1A07CD0B0A17B9CEC6EEDAF5A0AD9959F74B5F79C981D8B37FB6F7CE31BB377BCE31DC5EBDFF8C6375AFB913C64D772FDD750C856D3EAB36AB3D8B11C2BC6DFF82429EA260277DC178FBDFEF5AF2F7E4A9DFFCCBFFDDBBF15EFCFDF107FE8431F6A5367D1A2AE2D17E90373E6CC3977C68C19031EB253A77C5F2A84E143B128E377C4C7A6F1423FFCF0C3DBCC1CC7E0163342954B37BA2A8AF2901DEF7CF3A51D31D845A1E5BF237F679BCF70E71FD9E64B583A9BCDCE3FEA2DFF37E5EBC24F3BEDB4E2ED186CF319F9B8AC7C7EFC8E3CB0E7EFACF36D501EF89D56BDDBBA9A75EAEE49297A3A28E71F6F7F6A18353D88E76BA63B0BD9F19C1880A33EF359B137BFF9CDC5EB715F7B6FBE6BB5FE07417FA1A687507D76A7E56BAFF7DA6BAFE29BD47C763B6AA6FC93A398B08B37B7F11DAAB89DE78294FB8A9F14C5045CFC4CB4C81942761F38E9A493FEE298638EF9432C9C1FC063646F2E140ACF373737BF4151EE3E70C5EC507C29219FE9EE69C88E76ECB1C71603FBE8D1A38BF7E7013A7F5EFEFBCF3AEBAC4EFF3DF9FAEFF858AAA3D9B1F848397FA75CFE11737911E7CB57A2E51D46CCB4E7BF273A87A1BC26BB973A9AFDEAE959DFBA3B28E77F4FC0AE83413C66BFF2A51A797F52D9CAEB33EF33F2EBF19D8EB81E3368F550FF83A4BF50D342766BCB3F958E4F82A29ECBDFA8968FF3F14639DE30E7E3763E9936ACF4E5E2589695F703F9E342761F38E594537E7DFBEDB70F58C8BEE0820BEE6A6868F8DE502ECA7CE02B1FD4F28F4E2364E7834FBE16BAA7213B6FF947B3F9EFCE07B8F2909D5F1F56F1C5A5B89E7F11339F792F0FE5F93BE478179D2F4789B55FF9BBEA7CFD570CB0A5C33566E9B5E78B8F7D37FB55F931EF31C37A7ECCDCF606E5B13D9865A38606F17C308EA30FC5A75BE53558F99C611D7C91F1339FF94CEBEDF22312D46AFD0FA2FE424D0BD9AD470A89FDB6EFBEFB163F21CA6B36EAAE7226BBBC3EE38B8D711933D85187B1742BAFDBA87533D97DE4D4534F2D7CF5AB5F7D79200EE5B77DFBF6971A1B1B7FD7D4D4F4CEA15C94ED7DB1310FBBB12E325FC3F89EF7BC678F42F6ECD9B3B3A953A716EF8B02CD7F47BE1425BEF4980F8A95C1BFBD01B8BD8F7287952D27892F460DAB585E52F971D4B08AA30BC4FF373FCC601C1D45C8AEDAC7CC87B533B8F6E4A4141DFDDC903A4C5FBD0FE2796DC5B28FFCBEFCFB1E9533C7D10FC5D28F6895CB45E28B56713BD686D643FD0FB2FE424D0BD9AD35134717893A2C7F635C7E44A0F2C3F89687EC6829F315EFCF27CEEAE5FF5EB7E3F9F8F1E337C5BB9BFE367DFAF4D5A3468D9A3DD48B320FD9C34A5FF6299F6DCE3F1A8A2F29E6DF168EDBA79F7E7ABBBF2B3EF289505D199063ED7DDC175F722C7F379CFFEDF862537B813A66AF2A67C2E34B4A957FB7BCA0F3DF997F392ABE185579828ACA417658D92186E2FFFEEE77BFBBC363F90AD97BFC31F3AB4AB3563D3D8457E5CF1D364CC0AE9B413C3F9A407B9F6EE55F7A8E4FC9F2E3EDC6C7CB871E7A68B1557EF1317FC31FB360F550FF83B0BF50D34276EB971CE37B0F71CCFAF271397FB35AFE1DABF2909D4FB4C5CFE59F4CD5C39145EA7A3C1F376EDCC78F3BEEB89DB118BEBFA477600F170A855F8F1831E24D43BD28F343EFC4473879B8CDD72D567EC1302F9808D2EDFDAEFC1BC3513C958FC58C75FEF8DBDEF6B6E2DF2A2FCAF2409DCF88E7D7E3A3DD7C66BDABFF4F3E58E633F3952DD688977FBC35ACEC8B9DF1D1553EE8E683B4905DD541B92F3EB6A64607F1BC3F293FEC5E47472C8899EDCAC7F22313C49719BBFB376BA9FE07697FA1A6CD64B72EC1CA8F551FA139AFA7CA37D4E59F8EC79BD8FC8D70D4777E6CFCF213E109D97D206DE09FCC9C39F3A5FE583692C2DBF658269242DD218AB2F38F786BE514C53DF977C4BF3B8EDDA92807DDA03CE44E34335407F1DEF65BB552FF83B8BF50D3EAB3AA35AB3EFB581CAEEE739FFBDC63575E79E5CEBE0CD89B376FDED5DCDCFC64A15098A8283545D96F7AFB71B02522FA0BFD859A569F9AFADC5329F8EE3D66CC98ADD75F7FFD8B7D35835D0AD8672A4A4D510ED8A0DCD3592B5F72D45FE82FD4B4FAD4D4676FC5913E468F1EBDE1B2CB2EDB54ED35D8B1446430CC602B4A4559C77AFAF1B08F93F517FA0B35AD3E35F559CD19ED14887F1A471D59B76EDD0BBD3D4C5F1C4524BEE458EF6BB015A5A21C62413B4EABEC4C8EFA0BFD859A569F9AFAACB686868609296C3FF5CD6F7EF3578F3CF2C8A69E9EC971CE9C392B63F67AD4A85117D6F3514414A5A21C840E2B0DB68775F2F81683B1FE427FA1A6D5A7A63EFB4884E31492A7A5B67EDCB8710F9E7DF6D9CB172F5E7CCF6F7EF39B75E5A17AEBD6AD4FAD58B162D5CC9933974D9830E1BE38557A9CC9B15E4F34A32815E5109ED1F671B2FE427FA1A6D5A7A63EFB7966FBE052E0BE25B5C7527B294E915B6A1B535B9EDA39A90D6F6E6E7E83A2D41465DD0DCA0663FD85FE424DAB4F4D7DA228354559C541F93C83B1FE427FA1A6D5A7A63E51949AA2AC9EC3E213A9610EE9A5BFD05FA869F5A9A94F14A5A628ABA73420A3BFD05F0C0223468C784DAAE95D2A4F7DAA4F14A5A628856CFD85A6BFA89271E3C6BD2ED5F44E95A73ED5278A52539442B6FE42D35F54491C7C20D5F40E95A73ED5278A52539442B6FE42D35F54C9983163F64A35FDBCCA539FEA93BAD4D2D2E2855FDB6D472ACA97BC52856CFD8536D4FA8BA6A6A63F4B35FDACCA539FEA93BA74C71D776CDCBC79B3177F8DB60D1B36FC2815E5035EA942B6FE421B6AFD456363E3DB524DFF4EE5A94FF5495D5AB468D151B7DF7EFB334F3DF5D4EF15416DBDE38D825CB870E1BAD43EEB952A64EB2FB4A1D65F140A85BD534D6F5179EA537D52B7D24E3F22BDBB5A191F63C47AA17A6DD75C734DF1CC9DF5FC7F286BB12F1E509042B6FE421BAAFD450AD9EF4835BD49D50DDDFA1C2463BAF19C4111B0E647410E1F3EFCB5B686900DD4B7D1A347EF936AFA495B429F0E0CA0868686835331BE14055928149C1D4C870CD4B9A6A6A677A69A5E6F4BE8D381810DD937443196DA4A5B44870CD4B7C6C6C6BF4C35FDB82DA14F0706AE080FCA67B1F39642F711B68C0E19A8EB90FDD7A9A61FB125F4E9C0C015E1FCF2809DCF665B9BAD4306EA3A64FF6DAAE9876C097D3A303005B8DB2C76DE0A85C2A76C211D32509F521FBE5FAA69C715D6A703035480B7B417B04B6DB92DA44306EAD3881123F64F417B8D2DA14F07FABFF83A9CC5B6365B870CD4B7A6A6A6BF4B7DF86A5B429F0EF47FF1CDEF2C603BD2880E19A85F8D8D8D07A4907DAF2DA14F071424F63F50BD90FD0FA9A6EFB225F4E98082C4FE07AA17B2FF31D5F42F6D097D3AA020B1FF812A29140A1F4C35FD0B5B429F0E2848EC7FA07A21FB9F524DFFDC96D0A7030A12FB1FA8929123477E2405ED25B6843E1D5090D8FF40F542F63FA790BDC896D0A7030A12FB1FA85EC83E2485EC05B6843E1D5090D8FF40953436361EDAD0D070AB2DA14F071424F63F50BD90FDAF2964DF644BE8D3010589FD0F5449A150F8640AD93FB525F4E98082C4FE07AA2405ECA3524DCFB325F4E98082C4FE07AA17B28F4E357D9D2DA14F071424F63F50BD903DA25028FCD896D0A7030A12FB1FA85EC81E9542F635B6843E1D5090D8FF40F54276530AD957D912FA74404162FF03D50BD96353C8FEBE2DA14F071424F63F50BD7A6E4EED725B429F0E2848EC7FA07AF5FC85D42EB525F4E98082C4FE07AA57CFE352BBD896D0A7030A12FB1FA8928686862FA69AFEAE2DA14F071424F63F50BD903D21D5F46C5B429F0E2848EC7FA07A21FBC442A130D396D0A7030A12FB1FA85EC89E9C42F6B76D097D3AA020B1FF81EAD5F357533BC796D0A7030A12FB1FA85E3D9F92DA59B6843E1D5090D8FF40F5EAF96BA9CDB025F4E98082C4FE07AA57CF53523BC396D0A7030A12FB1FA85E3D4F4B6DAA2DA14F071424F63F50BD7A9E9EDAD76D097D3AA020B1FF81EAD5F38C58976D4BE8D3010589FD0F54AF9ECF8A238CD812FA74404162FF03D5ABE773E258D9B6843E1D5090D8FF40F5EAF93BA94DB225F4E98082C4FE07AA57CFB3523BC196D0A7030A12FB1FA85E3D5F90DA976C097D3AA020E9DF7D3D3FF677176DA52D05755BE317A676BC2D614C071424FDBBAF0F4AEDA5CE42764343C311B614D46D8D5F9CDA385BC2980E2848FA7F7FDFD249C85E3E7CF8F0D7DA4A50B7F57D696A5FB0258CE98082A4FFF7F7411D85EC42A1F0295B08EABABE2F4FADD99630A6030A9281D9E7EDADCD5E69161BEABEB6AF4C6D8C2D614C07142403B3CF775B9B6D2D360C8ADAFE616A8DB684311D50900C9014AA6F308B0D83AE3FFF516A0DB684311D50900C5CC83EB86C2DF661B608D4BF54CB3F4EB53DC29630A6030A9281DDF7C5B5D966B161D0D4F47529641F6D4B18D30105C9C0EEFB83EC7F1854353D2F85ECA36C09633AA020EB4E9665AF7DF4D147E7AE58B1E2E59696966CC182055A0DB4850B176677DC71C76F531BED55CA10EECFE7FB12B331DD560005599722602F5DBA34DBBC7973F6E28B2F6A35D4B66CD9922D59B2E4D914B83FEB95CA10EDCF6F4E21FB705BC2980E28C8BA1333D802764D07ED17172C58F080572A43B43FFF590AD91FB7258CE98082AC3BB1444498ADED9642F64B5EA90CD1FE7CE1C891230FB1258CE98082AC3BB1FE5790ADF990ED35CD9054281416A590FDCFB684311D50908336643FFFCCC6ECD19597676B169E516C713DEE1382856CE8C390BD2485EC8FD812C67440410ECA90BDEDE90DD97D3F9B92FDF74D27B569715F3C26080BD9D047FDF9CF53C8FE902D614C0714E4A00CD9EBD7FC74B7809DB727D6CC1784856CE8ABFE7C799CCDD59630A6030A725086EC07167FABC3901D8F09C24236F4517F7E670AD9EFB7258CE980821C9421FBBE05D33A0CD9F198202C64431FF5E777A7907DA02D614C0714A490AD09D950252960DFDBD8D878802D614C0714E4A00CD97134918E42763C26080BD9D047217B755353D3DFD912C67440410ECA90FDF0B20B3A0CD9F198202C64435F28140A6B468C18B1BF2D614C0714E4A00CD95B37ACCEEEBB6DEAEE4B45D27DF198202C64431F85ECB52964FF5F5BC2980E28C84119B2A33D76D795BB85ECB84F0816B2A10FFBF38753C87E8F2D614C0714E4E00CD92FBC903DFC8B0B775F2A92EE8BC70461211BFAA83F7F3485EC77DB12C67440410EBA901D67747C68D9EC0ED764C763CEFA2864431FF5E78F373636FEA52D614C0714E4E009D92FBC906D7C7851F6AB5BBFD661C0CE5B3C279E6B565BC8862AF7E7EB9B9A9ADE694B18D301053928427657B3D766B5856CE8A7FEFCC9D1A347EF634B18D30105392842767766AF3B9BD5168C856CA8527FFED4983163FEA72D614C0714E4A008D97B1AB0F326180BD950A5FEFCB763C78EFD735BC2980E28C84111B235211B6A414343C3D3CDCDCD6FB5258CE9808214B2B57E0FD9E9357F500A2337783533D8140A85E78E3CF2C837DB12C67440410AD95ABF85EC08D7A9CD4FED25AF7B06697FFEFC983163F6B2258CE9808214B2B53E0FD995E13A6F5ECD0CC2FE7C477373F31B6C09633AA020856CADCF42764343C3C1B12CA4325C0BD90CE2FE7CE7B871E35E674B18D3010529646B556FD75C734DD6DECCB590CD10E8CF5F9E366DDAAB6D09633AA020856CADEAADB360AD6983BDE9A58DE9B602284821BB076DFDFAF5D955575D55BCBE7DFBF6ECB2CB2E2BB64F7CE213C596DF8EE795FF5CFA2767E79E7B6EEBED1B6EB8A178DFB66DDB3AFD7BF19CF7BEF7BD1D3EBE64C992EC9E7BEE69F7E766CE9C5913CB45468E1C79487A7D2F174600633AA02085EC765B04EB08B0071E7860F6F4D34F17AF5F74D145D9873FFCE162BBE5965B8AF74D9932255BB66C59F1FAE8D1A38B979FFCE4278B97F16F3FF4D0438BD75FF7BAD7152F67CF9E5DFCFD77DE79676B609F3B776EF1B1D7BFFEF5C5EB797BF8E1875BFF3DEBD6AD2B3EE7CA2BAF2CFE3BCAFF5EF9F54D9B360DF8171F0B85C261E975BE54C8068CE9808214B2776B8F3DF658B1C52C7404D808BEAF79CD6BB2BDF6DA2B5BBE7C79F1BE7CB63BAE8F1C39B24DC8BEF6DA6B8B976BD7AE2D5E1E70C001ADBFFBF8E38F6F0DC77968CE837C7EFBA8A38E6AF3EFB9FFFEFB8B2DFEF6DE7BEF5D9C318FE7EDB3CF3EC5EBB366CDAAA943F89566B6970AD980311D509042767169461E7A63463B0FD9575F7D7571463A42F6D2A54B770BD913274E2C5E4E9D3AB535944F9F3E3D3BFDF4D38BB7E367CA9779ECB7DF7E6D6E9787F0B7BCE52DD9FEFBEF5FBC7EDF7DF765EF7FFFFBB38F7DEC63C5DBF173D1E26FC7CF7DE0031F285EFFC8473E925D77DD753577329AD2CCF672AF66C0980E28C8211CB263C945B408B0AB56AD6A0DD979588E76F6D967B72E09C967BD63E6397F3C9690C4FD37DD7453EB7D3103BD63C78E3633D9D10E3FFCF036D7F3DB31231ECF8D652337DE7863F1BEF83BF3E7CFCFDEF6B6B71567B3DFFDEE77175BCC66373636668F3CF288D3AA0318D34141527B21BB7C76F9AEBBEE6A5D931D21F989279E28B63C84C71AEB7CE63B0FD431F37CDB6DB7652D2D2DC5DB4F3EF964EBF292FCFF33AC0733D9E5CF8935D9F9F59855CFBF84591ECA856C00633A28486A3A645F7AE9A5ADB3C8D1264C98506CC71E7B6C9B252011C6F3E77CFEF39F6F73FD8D6F7C63B1C5971D2BD76447982E9FD58EEBF9EDCF7CE6339D86EC68F17BF32F3D7EFAD39F16B2018CE9A020A9FD903DACB43464F2E4C9D99BDFFCE6E261F64E3BEDB4DD4276B4679F7DB6785F1C09249F5D8E99E6F822632CE768EF77C7514AF2239544E0CE6FC7172CDB0BD9C34A4B51E272DF7DF735930D604C071464FD85EC7C9947AC778EE354C7AC76B4B81EF75F71C515BB85ECD5AB571783EFBBDEF5AE6CEBD6ADC5A525E587E3EBE86F952F17A96C79B07EDFFBDED7E6B8DAE3C78F6F5D96927F3152C80630A68382A4664376B47C963996835486E968F145C63C0037373717D749C71291380249B4B81E33D4F912927CB9474F4F46135FBE2C5F6E12CF3FEBACB3DA1C433BBE3029640318D3414152F321BBB393D554F3F74570AFF6EF14B2018CE9A020A9AB90AD09D900C674509042B626640318D3414122640BD900C67440410AD9423680311D509042B626640318D341410AD99A900D604C0714A4902D640318D3010529646B423680311D14A490AD09D900C67450900A52C816B2018CE9808214B235211BC0980E0A52C8D6846C00633A2848846C211BC0980E28C87ED1D2D222C8D676DB9142F64B5EA980311D509075E48E3BEED8B879F36661B646DB860D1B7E9442F6035EA980311D50907564D1A24547DD7EFBEDCF3CF5D453BF176A6B6B063B02F6C2850BD7A5F659AF54C0980E28C83A9342DC110B162C5819CB1262FD6F3DB7D8FFF5FE7F28B5D8170F08D880311D5090D8FF00E8D3414162FF03A04F071424F63F803E1D5090D8FF00E8D3414162FF03A04F071424F63F803E1D5090D8FF00E8D3414162FF03A04F070589FD0F803E1D5090D8FF00E8D3414162FF03A04F070589FD0F803E1D5090D8FF00FA74404162FF03A04F070589FD0F803E1D5090D8FF00FA74404162FF03A04F070589FD0F803E1D5090D8FF00FA74404162FF03A04F070589FD0F803E1D1424F63F00FA74404162FF03A04F070589FD0F803E1D142483675FCF8FFDDD455B694B0118D3010549F7F7F541A9BDD459C86E686838C2960230A6030A929EEDEF5B3A09D9CB870F1FFE5A5B09C0980E28487AB6BF0FEA2864170A854FD9420075D39F5B0208423675D031AF348B0D50577DB92580206453EB1DB38E18A02EFB734B0041C8A696A4507D83596C80BA1FC32D0104219B1A0BD9079775C487D92200753B8E5B02084236B5D831EB8801EABA2FB70410846C6AAD633EFAE8A3ED7F803A67092008D9D496582692952E01A8DF906D092008D9D48843527B3AB5F34A973E5A04A8EFF1DC124010B2A991809D07EB98F5D8226803D4BE42A1B0774343431ABE479D93DAE2D4D6577CE971631CBE2F3DE77BE9B9C7A6EB7F65AB81904DFF07ECAEEE07A0068C1C39F290D2DAEB1DDD38D363798B2F452E4FADD92C3708D9F48DC3BA08D2F9E3D6F301D4CE381D470F59D9C360DD517B2066B76D5510B2A97EC0EE2A409BD106A81129109F597978BEA6A6A6ECCC33CFCCE6CE9D9BAD59B326DBB87163B663C78E2CECDCB933DBBC7973F6D0430F65D75F7F7DF17963C68C692F6CDF927ECF3B6D6110B2E99D4386F56C86BAA7CF07A08A468C18F1A6D27AEBD660DCDCDC9C5D75D555C510DD13DBB76FCFE6CD9B974D9C3831AB3896F6D3E972B8AD0D4236BD0BD847ECC1CF6D13B4010624602F2D0FC453A64C29CE58F7C6AE5DBBB29B6FBEB938135EF6BBB7A5F6595B1D846CFA276057EBE701E8F9B8DC66063B96854440AE960D1B3664279D745279D0DEE10C912064D37D5D7DC9B1BF7F0F005D28ADC16E0DC02B56ACC8FA42ACE18EF5DAE533DAE96FEF670F80904DF78271B5967A98D106E8FBF1F8A0F22F39C60C765F8A2F49CE9831A3CDF1B5E318DCF60408D9741E88F380FDAAD48E295DF644E5CFF93224401F6A6868B8B77C0D7635978874E4B9E79ECB8E3BEEB8F22F439E674F80904DC701FB88B2A0FC9FA965A5CBEE06ED8E7E4ED006E80371A299F2A388F4F64B8E3D71F7DD77577E11F2AFEC1110B2E9386087634A4139EB41D02E0FD8791B5BF6B835DA00D51F8BE7E741370ED3D7DFCE3DF7DCF2A07D8E3D0242369D07DFF602736741BBBDE75FDACEF3ADD106A89258079D9F2A3D0EAFD7D3E36057C3238F3CD2E6F8D9CDCDCD6FB56740C816B03B5FC2D1DDA0DDDD805D19B42D1D01E838402F48ED9F3A7B4E0AB5A3F2801B47FC1828E527AB49FFE64FD97B20640F65DD0DBA5D05ED9E06ECF2BFBF6598196D800EC7D852685D90C2F4C11D3CE79CFE3AA24867AEBDF65A5F8004219B613D5FB2D151D07EF51E06EC9C35DA005D84ECB2764BE5CC76F9C967D6AE5D3B60213B8EC95DFEA6C0DE03215BC0EEBEF682F683BD08D8BDFDF7000CB590DD1A62F3B09D6EAFCFEFEFCFA38A54FACD6F7ED3E698D9F61E54A70378B97400FC1753FB7D6ACFA7E27F2EBEFC90AE6F4D6D736A9B527BB2D419AC4BEDB1D47E9DDA43A93D909EBF265DFE2AB555A9DD93DA5DA9FD32B5E5A9FD3CB53B52BB3DB596E85CD2E5CF52BB39B5FF4A7FE7A7A9DD90AE5F971EFB71BAFC516A57A7F68374FBFBE9F2F2D42E4DED92D42E4CCF9D932E67A7C766A6CBEFA4DBE7A6F6AD3853566ADF4CF79D91DAB4D4A6A4FB4F4FF79D96DAC9E9F657D3EDC9A99D986E7F39B5F1E9BEE3531B97DA17D2FD9F4BF71D93DAE874BB31B57457C38874FB33B13E2DDD3E324E3D9BDAE18D8D8D87C62197D2FDFF92EE1F9EDA87D3ED0FA5DB1F4C8FFD639C54203DEFC0D4FE5F5353D3DF8D183162FF389B56BAFD7F52FB9B74FBDDE9797F991E7B677AEEFF4A8FBD23DDF7F6B163C7FE797CE124DDFF67E9F69B527BE3E1871FFEFAE1C387BF76DAB46931EBDCDB99E3F682766F027665D0B6461BA08B905D3EB35D7E3BCEC43850E2E434E5FF167B0FAA20C25B84B814E8FE2442DD983163F63AF2C823DF1C612FDDFE1F11FE22048E1E3D7A9F0885E9F6FF8EE36846584C41F16F233C46884CB7DF1BA1323DF6F7E9FE7F88B0196BD0227C46084DCFFB6884D208A7E9FE8F47584DF77F22DDF7C908B1E9F6D1116A23DC165E313ADD1E9B6E3747084EEDB808C5118ED3FD13222CA7DB93D2EDAF44884EB74F8D501DE13AB5A911B64BA1FB3F2284C7BAB774FBDB11CED3EDF34B61FDC2D42E8E109FEEBF2C5D5E11E13EB51F46D88FD09F9EF793D29B801B4B8759BA39DDBEB5F466A1A5F451DF1DA53713BF28BDB95899DADDF1A6233D7775E94DC803A93D587A73F2686A8F97DEB46C28BD89893733BF2DBDB979B674BCD278D3F342E94DD0CBA58EAFB76BE522AC57CE603F58BABF37CEEBC680A2699AA675D0069A900D0C65BD3D657A6733D93D39618D996C803D9FC95E199F8CC60497996C80DA118176DBB0BE5993BD2741DB9A6C80EE85ECD6705DF61C6BB2016A2C68F764E6B8A3C3F4B57774919E046D471701E83A642F8F6591E5E1BAEC398E2E0250A341BBAB80DBD571B07B7A66C8DC41C31C271BA0B390BDDBCC753BCF995D0BC7C98EBF5DF6A660B6BD070C755DCD2477F744333D0DDAF99215670503E885D211AD06FC8C8F279D745279C8FEAC3D03D0F18C764FCFE4D8DDA09DFF3D011BA0974A8772DD11E1365DCF9E7BEEB9815E8FBD2305FFBDED198057C48C76E5D28D6386F5FC38D8ED05EDB1157FC71A6C802A2A5F977DFDF5D7F77BC8BEF0C20BCB43F6E5F608C0EE41BBFCCB90E581B927279AE9E8E71CA60FA00F942F19193F7E7CBF1ECA6FC3860DC519F4FCEF3736361E608F00ECAE72E94804E4B1C37A7E58BECA9FEBEDF1B901E840E978D9BFCA83EEBC79F3FA2D649F71C619AD013B4EBC666F00743F68F7567B4B5100A8A2F2D9EC98597EFCF1C7FB3C60DF7CF3CDE5CB445E8A3337DB1300FD13B49D6806A09FA4A03B3F0FBD93274FCEB66FDFDE67017BD9B2656D9689A476BC3D00D03DBD5DE2618908403F1A3162C45FA4B0BB250FBE3366CC289EEEBC2F02767373B32F3B02542168F77426DA971C0106404343C3C1A93D9D07E05833BD75EBD6AA2E11A998C1BE2585FB37D9F2003DD7D3251F9688000CA038057B7EECEC6831EB1CA73DEFED5144A64E9D5A1EAE056C807E0CDA71AA74677204186023478E3C2485E06DE5A138CE08B976EDDA1E9F68268E835D317B5D5C2222600354C761A5007D58278F6F11B0016A43A150D82F85E1F515E138FBF297BF9C5D73CD35D9D2A54B8B4721C9D76DC76584EA98F59E3B776E76CA29A75406EBE251447CC911A0FA3A9AD1B64404A006C56C730ADB6756CE6AEF498BE3603B4C1F40FF056D011BA0C6353535BD3305E5E9E55F8AEC668BB5DD973B932340FF06EDF3046C80FAD1DCDCFC86D27AED73E28B8BED2C27D958281416A4CBD929908F4AD7F7B6D500FA57ACC1CE86394C1F000054D55B6D020000000000000000000000000000000000000000000000809EF9FFB267999E175FCE070000000049454E44AE426082, '1');

-- ----------------------------
-- Table structure for act_ge_property
-- ----------------------------
DROP TABLE IF EXISTS `act_ge_property`;
CREATE TABLE `act_ge_property` (
  `NAME_` varchar(64) COLLATE utf8_bin NOT NULL DEFAULT '',
  `VALUE_` varchar(300) COLLATE utf8_bin DEFAULT NULL,
  `REV_` int(11) DEFAULT NULL,
  PRIMARY KEY (`NAME_`)
) ENGINE=InnoDB DEFAULT CHARSET=utf8 COLLATE=utf8_bin;

-- ----------------------------
-- Records of act_ge_property
-- ----------------------------
INSERT INTO `act_ge_property` VALUES ('next.dbid', '87501', '36');
INSERT INTO `act_ge_property` VALUES ('schema.history', 'create(5.22.0.0)', '1');
INSERT INTO `act_ge_property` VALUES ('schema.version', '5.22.0.0', '1');

-- ----------------------------
-- Table structure for act_hi_actinst
-- ----------------------------
DROP TABLE IF EXISTS `act_hi_actinst`;
CREATE TABLE `act_hi_actinst` (
  `ID_` varchar(64) COLLATE utf8_bin NOT NULL,
  `PROC_DEF_ID_` varchar(64) COLLATE utf8_bin NOT NULL,
  `PROC_INST_ID_` varchar(64) COLLATE utf8_bin NOT NULL,
  `EXECUTION_ID_` varchar(64) COLLATE utf8_bin NOT NULL,
  `ACT_ID_` varchar(255) COLLATE utf8_bin NOT NULL,
  `TASK_ID_` varchar(64) COLLATE utf8_bin DEFAULT NULL,
  `CALL_PROC_INST_ID_` varchar(64) COLLATE utf8_bin DEFAULT NULL,
  `ACT_NAME_` varchar(255) COLLATE utf8_bin DEFAULT NULL,
  `ACT_TYPE_` varchar(255) COLLATE utf8_bin NOT NULL,
  `ASSIGNEE_` varchar(255) COLLATE utf8_bin DEFAULT NULL,
  `START_TIME_` datetime(3) NOT NULL,
  `END_TIME_` datetime(3) DEFAULT NULL,
  `DURATION_` bigint(20) DEFAULT NULL,
  `TENANT_ID_` varchar(255) COLLATE utf8_bin DEFAULT '',
  PRIMARY KEY (`ID_`),
  KEY `ACT_IDX_HI_ACT_INST_START` (`START_TIME_`),
  KEY `ACT_IDX_HI_ACT_INST_END` (`END_TIME_`),
  KEY `ACT_IDX_HI_ACT_INST_PROCINST` (`PROC_INST_ID_`,`ACT_ID_`),
  KEY `ACT_IDX_HI_ACT_INST_EXEC` (`EXECUTION_ID_`,`ACT_ID_`)
) ENGINE=InnoDB DEFAULT CHARSET=utf8 COLLATE=utf8_bin;

-- ----------------------------
-- Records of act_hi_actinst
-- ----------------------------
INSERT INTO `act_hi_actinst` VALUES ('85013', 'leave-formkey:1:85009', '85010', '85010', 'startevent1', null, null, 'Start', 'startEvent', null, '2017-07-10 21:29:32.572', '2017-07-10 21:29:32.639', '67', '');
INSERT INTO `act_hi_actinst` VALUES ('85022', 'leave-formkey:1:85009', '85010', '85010', 'deptLeaderAudit', '85023', null, '部门领导审批', 'userTask', null, '2017-07-10 21:29:32.642', null, null, '');
INSERT INTO `act_hi_actinst` VALUES ('85028', 'leave-formkey:1:85009', '85025', '85025', 'startevent1', null, null, 'Start', 'startEvent', null, '2017-07-10 21:30:03.674', '2017-07-10 21:30:03.680', '6', '');
INSERT INTO `act_hi_actinst` VALUES ('85037', 'leave-formkey:1:85009', '85025', '85025', 'deptLeaderAudit', '85038', null, '部门领导审批', 'userTask', 'tangyong', '2017-07-10 21:30:03.680', '2017-07-10 21:30:33.452', '29772', '');
INSERT INTO `act_hi_actinst` VALUES ('85045', 'leave-formkey:1:85009', '85025', '85025', 'exclusivegateway5', null, null, 'Exclusive Gateway', 'exclusiveGateway', null, '2017-07-10 21:30:33.452', '2017-07-10 21:30:33.493', '41', '');
INSERT INTO `act_hi_actinst` VALUES ('85046', 'leave-formkey:1:85009', '85025', '85025', 'hrAudit', '85047', null, '人事审批', 'userTask', 'zhangsha', '2017-07-10 21:30:33.494', '2017-07-10 21:32:29.850', '116356', '');
INSERT INTO `act_hi_actinst` VALUES ('85054', 'leave-formkey:1:85009', '85025', '85025', 'exclusivegateway6', null, null, 'Exclusive Gateway', 'exclusiveGateway', null, '2017-07-10 21:32:29.851', '2017-07-10 21:32:29.855', '4', '');
INSERT INTO `act_hi_actinst` VALUES ('85055', 'leave-formkey:1:85009', '85025', '85025', 'reportBack', '85056', null, '销假', 'userTask', 'uchoice', '2017-07-10 21:32:29.857', '2017-07-10 21:33:13.122', '43265', '');
INSERT INTO `act_hi_actinst` VALUES ('85059', 'leave-formkey:1:85009', '85025', '85025', 'endevent1', null, null, 'End', 'endEvent', null, '2017-07-10 21:33:13.122', '2017-07-10 21:33:13.122', '0', '');

-- ----------------------------
-- Table structure for act_hi_attachment
-- ----------------------------
DROP TABLE IF EXISTS `act_hi_attachment`;
CREATE TABLE `act_hi_attachment` (
  `ID_` varchar(64) COLLATE utf8_bin NOT NULL,
  `REV_` int(11) DEFAULT NULL,
  `USER_ID_` varchar(255) COLLATE utf8_bin DEFAULT NULL,
  `NAME_` varchar(255) COLLATE utf8_bin DEFAULT NULL,
  `DESCRIPTION_` varchar(4000) COLLATE utf8_bin DEFAULT NULL,
  `TYPE_` varchar(255) COLLATE utf8_bin DEFAULT NULL,
  `TASK_ID_` varchar(64) COLLATE utf8_bin DEFAULT NULL,
  `PROC_INST_ID_` varchar(64) COLLATE utf8_bin DEFAULT NULL,
  `URL_` varchar(4000) COLLATE utf8_bin DEFAULT NULL,
  `CONTENT_ID_` varchar(64) COLLATE utf8_bin DEFAULT NULL,
  `TIME_` datetime(3) DEFAULT NULL,
  PRIMARY KEY (`ID_`)
) ENGINE=InnoDB DEFAULT CHARSET=utf8 COLLATE=utf8_bin;

-- ----------------------------
-- Records of act_hi_attachment
-- ----------------------------

-- ----------------------------
-- Table structure for act_hi_comment
-- ----------------------------
DROP TABLE IF EXISTS `act_hi_comment`;
CREATE TABLE `act_hi_comment` (
  `ID_` varchar(64) COLLATE utf8_bin NOT NULL,
  `TYPE_` varchar(255) COLLATE utf8_bin DEFAULT NULL,
  `TIME_` datetime(3) NOT NULL,
  `USER_ID_` varchar(255) COLLATE utf8_bin DEFAULT NULL,
  `TASK_ID_` varchar(64) COLLATE utf8_bin DEFAULT NULL,
  `PROC_INST_ID_` varchar(64) COLLATE utf8_bin DEFAULT NULL,
  `ACTION_` varchar(255) COLLATE utf8_bin DEFAULT NULL,
  `MESSAGE_` varchar(4000) COLLATE utf8_bin DEFAULT NULL,
  `FULL_MSG_` longblob,
  PRIMARY KEY (`ID_`)
) ENGINE=InnoDB DEFAULT CHARSET=utf8 COLLATE=utf8_bin;

-- ----------------------------
-- Records of act_hi_comment
-- ----------------------------

-- ----------------------------
-- Table structure for act_hi_detail
-- ----------------------------
DROP TABLE IF EXISTS `act_hi_detail`;
CREATE TABLE `act_hi_detail` (
  `ID_` varchar(64) COLLATE utf8_bin NOT NULL,
  `TYPE_` varchar(255) COLLATE utf8_bin NOT NULL,
  `PROC_INST_ID_` varchar(64) COLLATE utf8_bin DEFAULT NULL,
  `EXECUTION_ID_` varchar(64) COLLATE utf8_bin DEFAULT NULL,
  `TASK_ID_` varchar(64) COLLATE utf8_bin DEFAULT NULL,
  `ACT_INST_ID_` varchar(64) COLLATE utf8_bin DEFAULT NULL,
  `NAME_` varchar(255) COLLATE utf8_bin NOT NULL,
  `VAR_TYPE_` varchar(255) COLLATE utf8_bin DEFAULT NULL,
  `REV_` int(11) DEFAULT NULL,
  `TIME_` datetime(3) NOT NULL,
  `BYTEARRAY_ID_` varchar(64) COLLATE utf8_bin DEFAULT NULL,
  `DOUBLE_` double DEFAULT NULL,
  `LONG_` bigint(20) DEFAULT NULL,
  `TEXT_` varchar(4000) COLLATE utf8_bin DEFAULT NULL,
  `TEXT2_` varchar(4000) COLLATE utf8_bin DEFAULT NULL,
  PRIMARY KEY (`ID_`),
  KEY `ACT_IDX_HI_DETAIL_PROC_INST` (`PROC_INST_ID_`),
  KEY `ACT_IDX_HI_DETAIL_ACT_INST` (`ACT_INST_ID_`),
  KEY `ACT_IDX_HI_DETAIL_TIME` (`TIME_`),
  KEY `ACT_IDX_HI_DETAIL_NAME` (`NAME_`),
  KEY `ACT_IDX_HI_DETAIL_TASK_ID` (`TASK_ID_`)
) ENGINE=InnoDB DEFAULT CHARSET=utf8 COLLATE=utf8_bin;

-- ----------------------------
-- Records of act_hi_detail
-- ----------------------------
INSERT INTO `act_hi_detail` VALUES ('85014', 'FormProperty', '85010', '85010', null, '85013', 'reason', null, null, '2017-07-10 21:29:32.573', null, null, null, '身体不舒服', null);
INSERT INTO `act_hi_detail` VALUES ('85015', 'FormProperty', '85010', '85010', null, '85013', 'leaveType', null, null, '2017-07-10 21:29:32.573', null, null, null, '公休', null);
INSERT INTO `act_hi_detail` VALUES ('85016', 'FormProperty', '85010', '85010', null, '85013', 'startTime', null, null, '2017-07-10 21:29:32.573', null, null, null, '2017-07-09 21:29:21', null);
INSERT INTO `act_hi_detail` VALUES ('85017', 'FormProperty', '85010', '85010', null, '85013', 'endTime', null, null, '2017-07-10 21:29:32.573', null, null, null, '2017-07-13 21:29:24', null);
INSERT INTO `act_hi_detail` VALUES ('85029', 'FormProperty', '85025', '85025', null, '85028', 'reason', null, null, '2017-07-10 21:30:03.674', null, null, null, '想请假', null);
INSERT INTO `act_hi_detail` VALUES ('85030', 'FormProperty', '85025', '85025', null, '85028', 'leaveType', null, null, '2017-07-10 21:30:03.674', null, null, null, '公休', null);
INSERT INTO `act_hi_detail` VALUES ('85031', 'FormProperty', '85025', '85025', null, '85028', 'startTime', null, null, '2017-07-10 21:30:03.674', null, null, null, '2017-07-10 21:29:38', null);
INSERT INTO `act_hi_detail` VALUES ('85032', 'FormProperty', '85025', '85025', null, '85028', 'endTime', null, null, '2017-07-10 21:30:03.674', null, null, null, '2017-07-19 21:29:41', null);
INSERT INTO `act_hi_detail` VALUES ('85041', 'FormProperty', '85025', '85025', '85038', '85037', 'leaderBackReason', null, null, '2017-07-10 21:30:33.423', null, null, null, '准', null);
INSERT INTO `act_hi_detail` VALUES ('85042', 'FormProperty', '85025', '85025', '85038', '85037', 'deptLeaderPass', null, null, '2017-07-10 21:30:33.425', null, null, null, 'true', null);
INSERT INTO `act_hi_detail` VALUES ('85050', 'FormProperty', '85025', '85025', '85047', '85046', 'hrBackReason', null, null, '2017-07-10 21:32:29.828', null, null, null, '已备案', null);
INSERT INTO `act_hi_detail` VALUES ('85051', 'FormProperty', '85025', '85025', '85047', '85046', 'hrPass', null, null, '2017-07-10 21:32:29.829', null, null, null, 'true', null);
INSERT INTO `act_hi_detail` VALUES ('85057', 'FormProperty', '85025', '85025', '85056', '85055', 'startTime', null, null, '2017-07-10 21:33:13.082', null, null, null, '2017-07-10 21:32:58', null);
INSERT INTO `act_hi_detail` VALUES ('85058', 'FormProperty', '85025', '85025', '85056', '85055', 'endTime', null, null, '2017-07-10 21:33:13.087', null, null, null, '2017-07-19 21:33:01', null);

-- ----------------------------
-- Table structure for act_hi_identitylink
-- ----------------------------
DROP TABLE IF EXISTS `act_hi_identitylink`;
CREATE TABLE `act_hi_identitylink` (
  `ID_` varchar(64) COLLATE utf8_bin NOT NULL DEFAULT '',
  `GROUP_ID_` varchar(255) COLLATE utf8_bin DEFAULT NULL,
  `TYPE_` varchar(255) COLLATE utf8_bin DEFAULT NULL,
  `USER_ID_` varchar(255) COLLATE utf8_bin DEFAULT NULL,
  `TASK_ID_` varchar(64) COLLATE utf8_bin DEFAULT NULL,
  `PROC_INST_ID_` varchar(64) COLLATE utf8_bin DEFAULT NULL,
  PRIMARY KEY (`ID_`),
  KEY `ACT_IDX_HI_IDENT_LNK_USER` (`USER_ID_`),
  KEY `ACT_IDX_HI_IDENT_LNK_TASK` (`TASK_ID_`),
  KEY `ACT_IDX_HI_IDENT_LNK_PROCINST` (`PROC_INST_ID_`)
) ENGINE=InnoDB DEFAULT CHARSET=utf8 COLLATE=utf8_bin;

-- ----------------------------
-- Records of act_hi_identitylink
-- ----------------------------
INSERT INTO `act_hi_identitylink` VALUES ('85012', null, 'starter', 'uchoice', null, '85010');
INSERT INTO `act_hi_identitylink` VALUES ('85024', 'deptLeader', 'candidate', null, '85023', null);
INSERT INTO `act_hi_identitylink` VALUES ('85027', null, 'starter', 'uchoice', null, '85025');
INSERT INTO `act_hi_identitylink` VALUES ('85039', 'deptLeader', 'candidate', null, '85038', null);
INSERT INTO `act_hi_identitylink` VALUES ('85040', null, 'participant', 'tangyong', null, '85025');
INSERT INTO `act_hi_identitylink` VALUES ('85048', 'hr', 'candidate', null, '85047', null);
INSERT INTO `act_hi_identitylink` VALUES ('85049', null, 'participant', 'zhangsha', null, '85025');

-- ----------------------------
-- Table structure for act_hi_procinst
-- ----------------------------
DROP TABLE IF EXISTS `act_hi_procinst`;
CREATE TABLE `act_hi_procinst` (
  `ID_` varchar(64) COLLATE utf8_bin NOT NULL,
  `PROC_INST_ID_` varchar(64) COLLATE utf8_bin NOT NULL,
  `BUSINESS_KEY_` varchar(255) COLLATE utf8_bin DEFAULT NULL,
  `PROC_DEF_ID_` varchar(64) COLLATE utf8_bin NOT NULL,
  `START_TIME_` datetime(3) NOT NULL,
  `END_TIME_` datetime(3) DEFAULT NULL,
  `DURATION_` bigint(20) DEFAULT NULL,
  `START_USER_ID_` varchar(255) COLLATE utf8_bin DEFAULT NULL,
  `START_ACT_ID_` varchar(255) COLLATE utf8_bin DEFAULT NULL,
  `END_ACT_ID_` varchar(255) COLLATE utf8_bin DEFAULT NULL,
  `SUPER_PROCESS_INSTANCE_ID_` varchar(64) COLLATE utf8_bin DEFAULT NULL,
  `DELETE_REASON_` varchar(4000) COLLATE utf8_bin DEFAULT NULL,
  `TENANT_ID_` varchar(255) COLLATE utf8_bin DEFAULT '',
  `NAME_` varchar(255) COLLATE utf8_bin DEFAULT NULL,
  PRIMARY KEY (`ID_`),
  UNIQUE KEY `PROC_INST_ID_` (`PROC_INST_ID_`),
  KEY `ACT_IDX_HI_PRO_INST_END` (`END_TIME_`),
  KEY `ACT_IDX_HI_PRO_I_BUSKEY` (`BUSINESS_KEY_`)
) ENGINE=InnoDB DEFAULT CHARSET=utf8 COLLATE=utf8_bin;

-- ----------------------------
-- Records of act_hi_procinst
-- ----------------------------
INSERT INTO `act_hi_procinst` VALUES ('85010', '85010', null, 'leave-formkey:1:85009', '2017-07-10 21:29:32.572', null, null, 'uchoice', 'startevent1', null, null, null, '', '[uchoice] 请假流程-外部表单');
INSERT INTO `act_hi_procinst` VALUES ('85025', '85025', null, 'leave-formkey:1:85009', '2017-07-10 21:30:03.674', '2017-07-10 21:33:13.125', '189451', 'uchoice', 'startevent1', 'endevent1', null, null, '', '[uchoice] 请假流程-外部表单');

-- ----------------------------
-- Table structure for act_hi_taskinst
-- ----------------------------
DROP TABLE IF EXISTS `act_hi_taskinst`;
CREATE TABLE `act_hi_taskinst` (
  `ID_` varchar(64) COLLATE utf8_bin NOT NULL,
  `PROC_DEF_ID_` varchar(64) COLLATE utf8_bin DEFAULT NULL,
  `TASK_DEF_KEY_` varchar(255) COLLATE utf8_bin DEFAULT NULL,
  `PROC_INST_ID_` varchar(64) COLLATE utf8_bin DEFAULT NULL,
  `EXECUTION_ID_` varchar(64) COLLATE utf8_bin DEFAULT NULL,
  `NAME_` varchar(255) COLLATE utf8_bin DEFAULT NULL,
  `PARENT_TASK_ID_` varchar(64) COLLATE utf8_bin DEFAULT NULL,
  `DESCRIPTION_` varchar(4000) COLLATE utf8_bin DEFAULT NULL,
  `OWNER_` varchar(255) COLLATE utf8_bin DEFAULT NULL,
  `ASSIGNEE_` varchar(255) COLLATE utf8_bin DEFAULT NULL,
  `START_TIME_` datetime(3) NOT NULL,
  `CLAIM_TIME_` datetime(3) DEFAULT NULL,
  `END_TIME_` datetime(3) DEFAULT NULL,
  `DURATION_` bigint(20) DEFAULT NULL,
  `DELETE_REASON_` varchar(4000) COLLATE utf8_bin DEFAULT NULL,
  `PRIORITY_` int(11) DEFAULT NULL,
  `DUE_DATE_` datetime(3) DEFAULT NULL,
  `FORM_KEY_` varchar(255) COLLATE utf8_bin DEFAULT NULL,
  `CATEGORY_` varchar(255) COLLATE utf8_bin DEFAULT NULL,
  `TENANT_ID_` varchar(255) COLLATE utf8_bin DEFAULT '',
  PRIMARY KEY (`ID_`),
  KEY `ACT_IDX_HI_TASK_INST_PROCINST` (`PROC_INST_ID_`)
) ENGINE=InnoDB DEFAULT CHARSET=utf8 COLLATE=utf8_bin;

-- ----------------------------
-- Records of act_hi_taskinst
-- ----------------------------
INSERT INTO `act_hi_taskinst` VALUES ('85023', 'leave-formkey:1:85009', 'deptLeaderAudit', '85010', '85010', '部门领导审批', null, null, null, null, '2017-07-10 21:29:32.648', null, null, null, null, '50', null, 'dept-leader-audit.form', null, '');
INSERT INTO `act_hi_taskinst` VALUES ('85038', 'leave-formkey:1:85009', 'deptLeaderAudit', '85025', '85025', '部门领导审批', null, null, null, 'tangyong', '2017-07-10 21:30:03.690', '2017-07-10 21:30:26.148', '2017-07-10 21:30:33.447', '29757', 'completed', '50', null, 'dept-leader-audit.form', null, '');
INSERT INTO `act_hi_taskinst` VALUES ('85047', 'leave-formkey:1:85009', 'hrAudit', '85025', '85025', '人事审批', null, null, null, 'zhangsha', '2017-07-10 21:30:33.494', '2017-07-10 21:32:22.182', '2017-07-10 21:32:29.845', '116351', 'completed', '50', null, 'hr-audit.form', null, '');
INSERT INTO `act_hi_taskinst` VALUES ('85056', 'leave-formkey:1:85009', 'reportBack', '85025', '85025', '销假', null, null, null, 'uchoice', '2017-07-10 21:32:29.857', null, '2017-07-10 21:33:13.118', '43261', 'completed', '50', null, 'report-back.form', null, '');

-- ----------------------------
-- Table structure for act_hi_varinst
-- ----------------------------
DROP TABLE IF EXISTS `act_hi_varinst`;
CREATE TABLE `act_hi_varinst` (
  `ID_` varchar(64) COLLATE utf8_bin NOT NULL,
  `PROC_INST_ID_` varchar(64) COLLATE utf8_bin DEFAULT NULL,
  `EXECUTION_ID_` varchar(64) COLLATE utf8_bin DEFAULT NULL,
  `TASK_ID_` varchar(64) COLLATE utf8_bin DEFAULT NULL,
  `NAME_` varchar(255) COLLATE utf8_bin NOT NULL,
  `VAR_TYPE_` varchar(100) COLLATE utf8_bin DEFAULT NULL,
  `REV_` int(11) DEFAULT NULL,
  `BYTEARRAY_ID_` varchar(64) COLLATE utf8_bin DEFAULT NULL,
  `DOUBLE_` double DEFAULT NULL,
  `LONG_` bigint(20) DEFAULT NULL,
  `TEXT_` varchar(4000) COLLATE utf8_bin DEFAULT NULL,
  `TEXT2_` varchar(4000) COLLATE utf8_bin DEFAULT NULL,
  `CREATE_TIME_` datetime(3) DEFAULT NULL,
  `LAST_UPDATED_TIME_` datetime(3) DEFAULT NULL,
  PRIMARY KEY (`ID_`),
  KEY `ACT_IDX_HI_PROCVAR_PROC_INST` (`PROC_INST_ID_`),
  KEY `ACT_IDX_HI_PROCVAR_NAME_TYPE` (`NAME_`,`VAR_TYPE_`),
  KEY `ACT_IDX_HI_PROCVAR_TASK_ID` (`TASK_ID_`)
) ENGINE=InnoDB DEFAULT CHARSET=utf8 COLLATE=utf8_bin;

-- ----------------------------
-- Records of act_hi_varinst
-- ----------------------------
INSERT INTO `act_hi_varinst` VALUES ('85011', '85010', '85010', null, 'applyUserId', 'string', '0', null, null, null, 'uchoice', null, '2017-07-10 21:29:32.565', '2017-07-10 21:29:32.565');
INSERT INTO `act_hi_varinst` VALUES ('85018', '85010', '85010', null, 'reason', 'string', '0', null, null, null, '身体不舒服', null, '2017-07-10 21:29:32.574', '2017-07-10 21:29:32.574');
INSERT INTO `act_hi_varinst` VALUES ('85019', '85010', '85010', null, 'startTime', 'string', '0', null, null, null, '2017-07-09 21:29:21', null, '2017-07-10 21:29:32.575', '2017-07-10 21:29:32.575');
INSERT INTO `act_hi_varinst` VALUES ('85020', '85010', '85010', null, 'endTime', 'string', '0', null, null, null, '2017-07-13 21:29:24', null, '2017-07-10 21:29:32.576', '2017-07-10 21:29:32.576');
INSERT INTO `act_hi_varinst` VALUES ('85021', '85010', '85010', null, 'leaveType', 'string', '0', null, null, null, '公休', null, '2017-07-10 21:29:32.578', '2017-07-10 21:29:32.578');
INSERT INTO `act_hi_varinst` VALUES ('85026', '85025', '85025', null, 'applyUserId', 'string', '1', null, null, null, 'uchoice', null, '2017-07-10 21:30:03.671', '2017-07-10 21:33:13.143');
INSERT INTO `act_hi_varinst` VALUES ('85033', '85025', '85025', null, 'reason', 'string', '1', null, null, null, '想请假', null, '2017-07-10 21:30:03.674', '2017-07-10 21:33:13.143');
INSERT INTO `act_hi_varinst` VALUES ('85034', '85025', '85025', null, 'startTime', 'string', '1', null, null, null, '2017-07-10 21:32:58', null, '2017-07-10 21:30:03.674', '2017-07-10 21:33:13.143');
INSERT INTO `act_hi_varinst` VALUES ('85035', '85025', '85025', null, 'endTime', 'string', '1', null, null, null, '2017-07-19 21:33:01', null, '2017-07-10 21:30:03.674', '2017-07-10 21:33:13.143');
INSERT INTO `act_hi_varinst` VALUES ('85036', '85025', '85025', null, 'leaveType', 'string', '1', null, null, null, '公休', null, '2017-07-10 21:30:03.674', '2017-07-10 21:33:13.143');
INSERT INTO `act_hi_varinst` VALUES ('85043', '85025', '85025', null, 'deptLeaderPass', 'string', '1', null, null, null, 'true', null, '2017-07-10 21:30:33.427', '2017-07-10 21:33:13.143');
INSERT INTO `act_hi_varinst` VALUES ('85044', '85025', '85025', null, 'leaderBackReason', 'string', '1', null, null, null, '准', null, '2017-07-10 21:30:33.428', '2017-07-10 21:33:13.143');
INSERT INTO `act_hi_varinst` VALUES ('85052', '85025', '85025', null, 'hrBackReason', 'string', '1', null, null, null, '已备案', null, '2017-07-10 21:32:29.832', '2017-07-10 21:33:13.143');
INSERT INTO `act_hi_varinst` VALUES ('85053', '85025', '85025', null, 'hrPass', 'string', '1', null, null, null, 'true', null, '2017-07-10 21:32:29.834', '2017-07-10 21:33:13.143');

-- ----------------------------
-- Table structure for act_id_group
-- ----------------------------
DROP TABLE IF EXISTS `act_id_group`;
CREATE TABLE `act_id_group` (
  `ID_` varchar(64) COLLATE utf8_bin NOT NULL DEFAULT '',
  `REV_` int(11) DEFAULT NULL,
  `NAME_` varchar(255) COLLATE utf8_bin DEFAULT NULL,
  `TYPE_` varchar(255) COLLATE utf8_bin DEFAULT NULL,
  PRIMARY KEY (`ID_`)
) ENGINE=InnoDB DEFAULT CHARSET=utf8 COLLATE=utf8_bin;

-- ----------------------------
-- Records of act_id_group
-- ----------------------------
INSERT INTO `act_id_group` VALUES ('admin', '1', '管理员', 'security-role');
INSERT INTO `act_id_group` VALUES ('deptLeader', '1', '部门领导', 'feature-role');
INSERT INTO `act_id_group` VALUES ('hr', '1', '行政管理人员', 'feature-role');
INSERT INTO `act_id_group` VALUES ('super', '1', '超级管理员', 'security-role');
INSERT INTO `act_id_group` VALUES ('user', '2', '用户', 'feature-role');

-- ----------------------------
-- Table structure for act_id_info
-- ----------------------------
DROP TABLE IF EXISTS `act_id_info`;
CREATE TABLE `act_id_info` (
  `ID_` varchar(64) COLLATE utf8_bin NOT NULL DEFAULT '',
  `REV_` int(11) DEFAULT NULL,
  `USER_ID_` varchar(64) COLLATE utf8_bin DEFAULT NULL,
  `TYPE_` varchar(64) COLLATE utf8_bin DEFAULT NULL,
  `KEY_` varchar(255) COLLATE utf8_bin DEFAULT NULL,
  `VALUE_` varchar(255) COLLATE utf8_bin DEFAULT NULL,
  `PASSWORD_` longblob,
  `PARENT_ID_` varchar(255) COLLATE utf8_bin DEFAULT NULL,
  PRIMARY KEY (`ID_`)
) ENGINE=InnoDB DEFAULT CHARSET=utf8 COLLATE=utf8_bin;

-- ----------------------------
-- Records of act_id_info
-- ----------------------------

-- ----------------------------
-- Table structure for act_id_membership
-- ----------------------------
DROP TABLE IF EXISTS `act_id_membership`;
CREATE TABLE `act_id_membership` (
  `USER_ID_` varchar(64) COLLATE utf8_bin NOT NULL DEFAULT '',
  `GROUP_ID_` varchar(64) COLLATE utf8_bin NOT NULL DEFAULT '',
  PRIMARY KEY (`USER_ID_`,`GROUP_ID_`),
  KEY `ACT_FK_MEMB_GROUP` (`GROUP_ID_`),
  CONSTRAINT `ACT_FK_MEMB_GROUP` FOREIGN KEY (`GROUP_ID_`) REFERENCES `act_id_group` (`ID_`),
  CONSTRAINT `ACT_FK_MEMB_USER` FOREIGN KEY (`USER_ID_`) REFERENCES `act_id_user` (`ID_`)
) ENGINE=InnoDB DEFAULT CHARSET=utf8 COLLATE=utf8_bin;

-- ----------------------------
-- Records of act_id_membership
-- ----------------------------
INSERT INTO `act_id_membership` VALUES ('uchoice', 'admin');
INSERT INTO `act_id_membership` VALUES ('tangyong', 'deptLeader');
INSERT INTO `act_id_membership` VALUES ('zhangsha', 'hr');
INSERT INTO `act_id_membership` VALUES ('uchoice', 'super');
INSERT INTO `act_id_membership` VALUES ('guoyuanfeng', 'user');

-- ----------------------------
-- Table structure for act_id_user
-- ----------------------------
DROP TABLE IF EXISTS `act_id_user`;
CREATE TABLE `act_id_user` (
  `ID_` varchar(64) COLLATE utf8_bin NOT NULL DEFAULT '',
  `REV_` int(11) DEFAULT NULL,
  `FIRST_` varchar(255) COLLATE utf8_bin DEFAULT NULL,
  `LAST_` varchar(255) COLLATE utf8_bin DEFAULT NULL,
  `EMAIL_` varchar(255) COLLATE utf8_bin DEFAULT NULL,
  `PWD_` varchar(255) COLLATE utf8_bin DEFAULT NULL,
  `PICTURE_ID_` varchar(64) COLLATE utf8_bin DEFAULT NULL,
  PRIMARY KEY (`ID_`)
) ENGINE=InnoDB DEFAULT CHARSET=utf8 COLLATE=utf8_bin;

-- ----------------------------
-- Records of act_id_user
-- ----------------------------
INSERT INTO `act_id_user` VALUES ('guoyuanfeng', '1', '远峰', '郭', '', 'c38ad0a49612a0c5f55c6fbccbe76a000c6d7be1b675d192c5bb8275', null);
INSERT INTO `act_id_user` VALUES ('tangyong', '1', '勇', '唐', '', 'c38ad0a49612a0c5f55c6fbccbe76a000c6d7be1b675d192c5bb8275', null);
INSERT INTO `act_id_user` VALUES ('uchoice', '2', '名', '姓', '', 'c38ad0a49612a0c5f55c6fbccbe76a000c6d7be1b675d192c5bb8275', null);
INSERT INTO `act_id_user` VALUES ('zhangsha', '1', '莎', '张', '', 'c38ad0a49612a0c5f55c6fbccbe76a000c6d7be1b675d192c5bb8275', null);

-- ----------------------------
-- Table structure for act_procdef_info
-- ----------------------------
DROP TABLE IF EXISTS `act_procdef_info`;
CREATE TABLE `act_procdef_info` (
  `ID_` varchar(64) COLLATE utf8_bin NOT NULL,
  `PROC_DEF_ID_` varchar(64) COLLATE utf8_bin NOT NULL,
  `REV_` int(11) DEFAULT NULL,
  `INFO_JSON_ID_` varchar(64) COLLATE utf8_bin DEFAULT NULL,
  PRIMARY KEY (`ID_`),
  UNIQUE KEY `ACT_UNIQ_INFO_PROCDEF` (`PROC_DEF_ID_`),
  KEY `ACT_IDX_INFO_PROCDEF` (`PROC_DEF_ID_`),
  KEY `ACT_FK_INFO_JSON_BA` (`INFO_JSON_ID_`),
  CONSTRAINT `ACT_FK_INFO_JSON_BA` FOREIGN KEY (`INFO_JSON_ID_`) REFERENCES `act_ge_bytearray` (`ID_`),
  CONSTRAINT `ACT_FK_INFO_PROCDEF` FOREIGN KEY (`PROC_DEF_ID_`) REFERENCES `act_re_procdef` (`ID_`)
) ENGINE=InnoDB DEFAULT CHARSET=utf8 COLLATE=utf8_bin;

-- ----------------------------
-- Records of act_procdef_info
-- ----------------------------

-- ----------------------------
-- Table structure for act_re_deployment
-- ----------------------------
DROP TABLE IF EXISTS `act_re_deployment`;
CREATE TABLE `act_re_deployment` (
  `ID_` varchar(64) COLLATE utf8_bin NOT NULL DEFAULT '',
  `NAME_` varchar(255) COLLATE utf8_bin DEFAULT NULL,
  `CATEGORY_` varchar(255) COLLATE utf8_bin DEFAULT NULL,
  `TENANT_ID_` varchar(255) COLLATE utf8_bin DEFAULT '',
  `DEPLOY_TIME_` timestamp(3) NULL DEFAULT NULL,
  PRIMARY KEY (`ID_`)
) ENGINE=InnoDB DEFAULT CHARSET=utf8 COLLATE=utf8_bin;

-- ----------------------------
-- Records of act_re_deployment
-- ----------------------------
INSERT INTO `act_re_deployment` VALUES ('85001', null, null, '', '2017-07-10 21:22:40.117');

-- ----------------------------
-- Table structure for act_re_model
-- ----------------------------
DROP TABLE IF EXISTS `act_re_model`;
CREATE TABLE `act_re_model` (
  `ID_` varchar(64) COLLATE utf8_bin NOT NULL,
  `REV_` int(11) DEFAULT NULL,
  `NAME_` varchar(255) COLLATE utf8_bin DEFAULT NULL,
  `KEY_` varchar(255) COLLATE utf8_bin DEFAULT NULL,
  `CATEGORY_` varchar(255) COLLATE utf8_bin DEFAULT NULL,
  `CREATE_TIME_` timestamp(3) NULL DEFAULT NULL,
  `LAST_UPDATE_TIME_` timestamp(3) NULL DEFAULT NULL,
  `VERSION_` int(11) DEFAULT NULL,
  `META_INFO_` varchar(4000) COLLATE utf8_bin DEFAULT NULL,
  `DEPLOYMENT_ID_` varchar(64) COLLATE utf8_bin DEFAULT NULL,
  `EDITOR_SOURCE_VALUE_ID_` varchar(64) COLLATE utf8_bin DEFAULT NULL,
  `EDITOR_SOURCE_EXTRA_VALUE_ID_` varchar(64) COLLATE utf8_bin DEFAULT NULL,
  `TENANT_ID_` varchar(255) COLLATE utf8_bin DEFAULT '',
  PRIMARY KEY (`ID_`),
  KEY `ACT_FK_MODEL_SOURCE` (`EDITOR_SOURCE_VALUE_ID_`),
  KEY `ACT_FK_MODEL_SOURCE_EXTRA` (`EDITOR_SOURCE_EXTRA_VALUE_ID_`),
  KEY `ACT_FK_MODEL_DEPLOYMENT` (`DEPLOYMENT_ID_`),
  CONSTRAINT `ACT_FK_MODEL_DEPLOYMENT` FOREIGN KEY (`DEPLOYMENT_ID_`) REFERENCES `act_re_deployment` (`ID_`),
  CONSTRAINT `ACT_FK_MODEL_SOURCE` FOREIGN KEY (`EDITOR_SOURCE_VALUE_ID_`) REFERENCES `act_ge_bytearray` (`ID_`),
  CONSTRAINT `ACT_FK_MODEL_SOURCE_EXTRA` FOREIGN KEY (`EDITOR_SOURCE_EXTRA_VALUE_ID_`) REFERENCES `act_ge_bytearray` (`ID_`)
) ENGINE=InnoDB DEFAULT CHARSET=utf8 COLLATE=utf8_bin;

-- ----------------------------
-- Records of act_re_model
-- ----------------------------
INSERT INTO `act_re_model` VALUES ('10001', '13', 'leave', 'abcd', null, '2017-06-08 23:25:43.673', '2017-07-10 21:39:10.561', '1', '{\"name\":\"leave\",\"revision\":1,\"description\":\"用作测试\"}', null, '10002', '12501', '');
INSERT INTO `act_re_model` VALUES ('82505', '2', 'leave-formkey.bpmn20.xml', 'leave-formkey', '82501', '2017-07-10 20:51:22.237', '2017-07-10 20:51:22.247', '1', '{\"name\":\"请假流程-外部表单\",\"revision\":1,\"description\":\"请假流程演示\"}', null, '82506', null, '');

-- ----------------------------
-- Table structure for act_re_procdef
-- ----------------------------
DROP TABLE IF EXISTS `act_re_procdef`;
CREATE TABLE `act_re_procdef` (
  `ID_` varchar(64) COLLATE utf8_bin NOT NULL,
  `REV_` int(11) DEFAULT NULL,
  `CATEGORY_` varchar(255) COLLATE utf8_bin DEFAULT NULL,
  `NAME_` varchar(255) COLLATE utf8_bin DEFAULT NULL,
  `KEY_` varchar(255) COLLATE utf8_bin NOT NULL,
  `VERSION_` int(11) NOT NULL,
  `DEPLOYMENT_ID_` varchar(64) COLLATE utf8_bin DEFAULT NULL,
  `RESOURCE_NAME_` varchar(4000) COLLATE utf8_bin DEFAULT NULL,
  `DGRM_RESOURCE_NAME_` varchar(4000) COLLATE utf8_bin DEFAULT NULL,
  `DESCRIPTION_` varchar(4000) COLLATE utf8_bin DEFAULT NULL,
  `HAS_START_FORM_KEY_` tinyint(4) DEFAULT NULL,
  `HAS_GRAPHICAL_NOTATION_` tinyint(4) DEFAULT NULL,
  `SUSPENSION_STATE_` int(11) DEFAULT NULL,
  `TENANT_ID_` varchar(255) COLLATE utf8_bin DEFAULT '',
  PRIMARY KEY (`ID_`),
  UNIQUE KEY `ACT_UNIQ_PROCDEF` (`KEY_`,`VERSION_`,`TENANT_ID_`)
) ENGINE=InnoDB DEFAULT CHARSET=utf8 COLLATE=utf8_bin;

-- ----------------------------
-- Records of act_re_procdef
-- ----------------------------
INSERT INTO `act_re_procdef` VALUES ('leave-formkey:1:85009', '1', 'http://www.kafeitu.me/demo/activiti/leave', '请假流程-外部表单', 'leave-formkey', '1', '85001', 'leave-formkey.bpmn20.xml', 'leave-formkey.leave-formkey.png', '请假流程演示', '1', '1', '1', '');

-- ----------------------------
-- Table structure for act_ru_event_subscr
-- ----------------------------
DROP TABLE IF EXISTS `act_ru_event_subscr`;
CREATE TABLE `act_ru_event_subscr` (
  `ID_` varchar(64) COLLATE utf8_bin NOT NULL,
  `REV_` int(11) DEFAULT NULL,
  `EVENT_TYPE_` varchar(255) COLLATE utf8_bin NOT NULL,
  `EVENT_NAME_` varchar(255) COLLATE utf8_bin DEFAULT NULL,
  `EXECUTION_ID_` varchar(64) COLLATE utf8_bin DEFAULT NULL,
  `PROC_INST_ID_` varchar(64) COLLATE utf8_bin DEFAULT NULL,
  `ACTIVITY_ID_` varchar(64) COLLATE utf8_bin DEFAULT NULL,
  `CONFIGURATION_` varchar(255) COLLATE utf8_bin DEFAULT NULL,
  `CREATED_` timestamp(3) NOT NULL DEFAULT CURRENT_TIMESTAMP(3),
  `PROC_DEF_ID_` varchar(64) COLLATE utf8_bin DEFAULT NULL,
  `TENANT_ID_` varchar(255) COLLATE utf8_bin DEFAULT '',
  PRIMARY KEY (`ID_`),
  KEY `ACT_IDX_EVENT_SUBSCR_CONFIG_` (`CONFIGURATION_`),
  KEY `ACT_FK_EVENT_EXEC` (`EXECUTION_ID_`),
  CONSTRAINT `ACT_FK_EVENT_EXEC` FOREIGN KEY (`EXECUTION_ID_`) REFERENCES `act_ru_execution` (`ID_`)
) ENGINE=InnoDB DEFAULT CHARSET=utf8 COLLATE=utf8_bin;

-- ----------------------------
-- Records of act_ru_event_subscr
-- ----------------------------

-- ----------------------------
-- Table structure for act_ru_execution
-- ----------------------------
DROP TABLE IF EXISTS `act_ru_execution`;
CREATE TABLE `act_ru_execution` (
  `ID_` varchar(64) COLLATE utf8_bin NOT NULL DEFAULT '',
  `REV_` int(11) DEFAULT NULL,
  `PROC_INST_ID_` varchar(64) COLLATE utf8_bin DEFAULT NULL,
  `BUSINESS_KEY_` varchar(255) COLLATE utf8_bin DEFAULT NULL,
  `PARENT_ID_` varchar(64) COLLATE utf8_bin DEFAULT NULL,
  `PROC_DEF_ID_` varchar(64) COLLATE utf8_bin DEFAULT NULL,
  `SUPER_EXEC_` varchar(64) COLLATE utf8_bin DEFAULT NULL,
  `ACT_ID_` varchar(255) COLLATE utf8_bin DEFAULT NULL,
  `IS_ACTIVE_` tinyint(4) DEFAULT NULL,
  `IS_CONCURRENT_` tinyint(4) DEFAULT NULL,
  `IS_SCOPE_` tinyint(4) DEFAULT NULL,
  `IS_EVENT_SCOPE_` tinyint(4) DEFAULT NULL,
  `SUSPENSION_STATE_` int(11) DEFAULT NULL,
  `CACHED_ENT_STATE_` int(11) DEFAULT NULL,
  `TENANT_ID_` varchar(255) COLLATE utf8_bin DEFAULT '',
  `NAME_` varchar(255) COLLATE utf8_bin DEFAULT NULL,
  `LOCK_TIME_` timestamp(3) NULL DEFAULT NULL,
  PRIMARY KEY (`ID_`),
  KEY `ACT_IDX_EXEC_BUSKEY` (`BUSINESS_KEY_`),
  KEY `ACT_FK_EXE_PROCINST` (`PROC_INST_ID_`),
  KEY `ACT_FK_EXE_PARENT` (`PARENT_ID_`),
  KEY `ACT_FK_EXE_SUPER` (`SUPER_EXEC_`),
  KEY `ACT_FK_EXE_PROCDEF` (`PROC_DEF_ID_`),
  CONSTRAINT `ACT_FK_EXE_PARENT` FOREIGN KEY (`PARENT_ID_`) REFERENCES `act_ru_execution` (`ID_`),
  CONSTRAINT `ACT_FK_EXE_PROCDEF` FOREIGN KEY (`PROC_DEF_ID_`) REFERENCES `act_re_procdef` (`ID_`),
  CONSTRAINT `ACT_FK_EXE_PROCINST` FOREIGN KEY (`PROC_INST_ID_`) REFERENCES `act_ru_execution` (`ID_`) ON DELETE CASCADE ON UPDATE CASCADE,
  CONSTRAINT `ACT_FK_EXE_SUPER` FOREIGN KEY (`SUPER_EXEC_`) REFERENCES `act_ru_execution` (`ID_`)
) ENGINE=InnoDB DEFAULT CHARSET=utf8 COLLATE=utf8_bin;

-- ----------------------------
-- Records of act_ru_execution
-- ----------------------------
INSERT INTO `act_ru_execution` VALUES ('85010', '2', '85010', null, null, 'leave-formkey:1:85009', null, 'deptLeaderAudit', '1', '0', '1', '0', '1', '2', '', '[uchoice] 请假流程-外部表单', null);

-- ----------------------------
-- Table structure for act_ru_identitylink
-- ----------------------------
DROP TABLE IF EXISTS `act_ru_identitylink`;
CREATE TABLE `act_ru_identitylink` (
  `ID_` varchar(64) COLLATE utf8_bin NOT NULL DEFAULT '',
  `REV_` int(11) DEFAULT NULL,
  `GROUP_ID_` varchar(255) COLLATE utf8_bin DEFAULT NULL,
  `TYPE_` varchar(255) COLLATE utf8_bin DEFAULT NULL,
  `USER_ID_` varchar(255) COLLATE utf8_bin DEFAULT NULL,
  `TASK_ID_` varchar(64) COLLATE utf8_bin DEFAULT NULL,
  `PROC_INST_ID_` varchar(64) COLLATE utf8_bin DEFAULT NULL,
  `PROC_DEF_ID_` varchar(64) COLLATE utf8_bin DEFAULT NULL,
  PRIMARY KEY (`ID_`),
  KEY `ACT_IDX_IDENT_LNK_USER` (`USER_ID_`),
  KEY `ACT_IDX_IDENT_LNK_GROUP` (`GROUP_ID_`),
  KEY `ACT_IDX_ATHRZ_PROCEDEF` (`PROC_DEF_ID_`),
  KEY `ACT_FK_TSKASS_TASK` (`TASK_ID_`),
  KEY `ACT_FK_IDL_PROCINST` (`PROC_INST_ID_`),
  CONSTRAINT `ACT_FK_ATHRZ_PROCEDEF` FOREIGN KEY (`PROC_DEF_ID_`) REFERENCES `act_re_procdef` (`ID_`),
  CONSTRAINT `ACT_FK_IDL_PROCINST` FOREIGN KEY (`PROC_INST_ID_`) REFERENCES `act_ru_execution` (`ID_`),
  CONSTRAINT `ACT_FK_TSKASS_TASK` FOREIGN KEY (`TASK_ID_`) REFERENCES `act_ru_task` (`ID_`)
) ENGINE=InnoDB DEFAULT CHARSET=utf8 COLLATE=utf8_bin;

-- ----------------------------
-- Records of act_ru_identitylink
-- ----------------------------
INSERT INTO `act_ru_identitylink` VALUES ('85012', '1', null, 'starter', 'uchoice', null, '85010', null);
INSERT INTO `act_ru_identitylink` VALUES ('85024', '1', 'deptLeader', 'candidate', null, '85023', null, null);

-- ----------------------------
-- Table structure for act_ru_job
-- ----------------------------
DROP TABLE IF EXISTS `act_ru_job`;
CREATE TABLE `act_ru_job` (
  `ID_` varchar(64) COLLATE utf8_bin NOT NULL,
  `REV_` int(11) DEFAULT NULL,
  `TYPE_` varchar(255) COLLATE utf8_bin NOT NULL,
  `LOCK_EXP_TIME_` timestamp(3) NULL DEFAULT NULL,
  `LOCK_OWNER_` varchar(255) COLLATE utf8_bin DEFAULT NULL,
  `EXCLUSIVE_` tinyint(1) DEFAULT NULL,
  `EXECUTION_ID_` varchar(64) COLLATE utf8_bin DEFAULT NULL,
  `PROCESS_INSTANCE_ID_` varchar(64) COLLATE utf8_bin DEFAULT NULL,
  `PROC_DEF_ID_` varchar(64) COLLATE utf8_bin DEFAULT NULL,
  `RETRIES_` int(11) DEFAULT NULL,
  `EXCEPTION_STACK_ID_` varchar(64) COLLATE utf8_bin DEFAULT NULL,
  `EXCEPTION_MSG_` varchar(4000) COLLATE utf8_bin DEFAULT NULL,
  `DUEDATE_` timestamp(3) NULL DEFAULT NULL,
  `REPEAT_` varchar(255) COLLATE utf8_bin DEFAULT NULL,
  `HANDLER_TYPE_` varchar(255) COLLATE utf8_bin DEFAULT NULL,
  `HANDLER_CFG_` varchar(4000) COLLATE utf8_bin DEFAULT NULL,
  `TENANT_ID_` varchar(255) COLLATE utf8_bin DEFAULT '',
  PRIMARY KEY (`ID_`),
  KEY `ACT_FK_JOB_EXCEPTION` (`EXCEPTION_STACK_ID_`),
  CONSTRAINT `ACT_FK_JOB_EXCEPTION` FOREIGN KEY (`EXCEPTION_STACK_ID_`) REFERENCES `act_ge_bytearray` (`ID_`)
) ENGINE=InnoDB DEFAULT CHARSET=utf8 COLLATE=utf8_bin;

-- ----------------------------
-- Records of act_ru_job
-- ----------------------------

-- ----------------------------
-- Table structure for act_ru_task
-- ----------------------------
DROP TABLE IF EXISTS `act_ru_task`;
CREATE TABLE `act_ru_task` (
  `ID_` varchar(64) COLLATE utf8_bin NOT NULL DEFAULT '',
  `REV_` int(11) DEFAULT NULL,
  `EXECUTION_ID_` varchar(64) COLLATE utf8_bin DEFAULT NULL,
  `PROC_INST_ID_` varchar(64) COLLATE utf8_bin DEFAULT NULL,
  `PROC_DEF_ID_` varchar(64) COLLATE utf8_bin DEFAULT NULL,
  `NAME_` varchar(255) COLLATE utf8_bin DEFAULT NULL,
  `PARENT_TASK_ID_` varchar(64) COLLATE utf8_bin DEFAULT NULL,
  `DESCRIPTION_` varchar(4000) COLLATE utf8_bin DEFAULT NULL,
  `TASK_DEF_KEY_` varchar(255) COLLATE utf8_bin DEFAULT NULL,
  `OWNER_` varchar(255) COLLATE utf8_bin DEFAULT NULL,
  `ASSIGNEE_` varchar(255) COLLATE utf8_bin DEFAULT NULL,
  `DELEGATION_` varchar(64) COLLATE utf8_bin DEFAULT NULL,
  `PRIORITY_` int(11) DEFAULT NULL,
  `CREATE_TIME_` timestamp(3) NULL DEFAULT NULL,
  `DUE_DATE_` datetime(3) DEFAULT NULL,
  `CATEGORY_` varchar(255) COLLATE utf8_bin DEFAULT NULL,
  `SUSPENSION_STATE_` int(11) DEFAULT NULL,
  `TENANT_ID_` varchar(255) COLLATE utf8_bin DEFAULT '',
  `FORM_KEY_` varchar(255) COLLATE utf8_bin DEFAULT NULL,
  PRIMARY KEY (`ID_`),
  KEY `ACT_IDX_TASK_CREATE` (`CREATE_TIME_`),
  KEY `ACT_FK_TASK_EXE` (`EXECUTION_ID_`),
  KEY `ACT_FK_TASK_PROCINST` (`PROC_INST_ID_`),
  KEY `ACT_FK_TASK_PROCDEF` (`PROC_DEF_ID_`),
  CONSTRAINT `ACT_FK_TASK_EXE` FOREIGN KEY (`EXECUTION_ID_`) REFERENCES `act_ru_execution` (`ID_`),
  CONSTRAINT `ACT_FK_TASK_PROCDEF` FOREIGN KEY (`PROC_DEF_ID_`) REFERENCES `act_re_procdef` (`ID_`),
  CONSTRAINT `ACT_FK_TASK_PROCINST` FOREIGN KEY (`PROC_INST_ID_`) REFERENCES `act_ru_execution` (`ID_`)
) ENGINE=InnoDB DEFAULT CHARSET=utf8 COLLATE=utf8_bin;

-- ----------------------------
-- Records of act_ru_task
-- ----------------------------
INSERT INTO `act_ru_task` VALUES ('85023', '1', '85010', '85010', 'leave-formkey:1:85009', '部门领导审批', null, null, 'deptLeaderAudit', null, null, null, '50', '2017-07-10 21:29:32.644', null, null, '1', '', 'dept-leader-audit.form');

-- ----------------------------
-- Table structure for act_ru_variable
-- ----------------------------
DROP TABLE IF EXISTS `act_ru_variable`;
CREATE TABLE `act_ru_variable` (
  `ID_` varchar(64) COLLATE utf8_bin NOT NULL,
  `REV_` int(11) DEFAULT NULL,
  `TYPE_` varchar(255) COLLATE utf8_bin NOT NULL,
  `NAME_` varchar(255) COLLATE utf8_bin NOT NULL,
  `EXECUTION_ID_` varchar(64) COLLATE utf8_bin DEFAULT NULL,
  `PROC_INST_ID_` varchar(64) COLLATE utf8_bin DEFAULT NULL,
  `TASK_ID_` varchar(64) COLLATE utf8_bin DEFAULT NULL,
  `BYTEARRAY_ID_` varchar(64) COLLATE utf8_bin DEFAULT NULL,
  `DOUBLE_` double DEFAULT NULL,
  `LONG_` bigint(20) DEFAULT NULL,
  `TEXT_` varchar(4000) COLLATE utf8_bin DEFAULT NULL,
  `TEXT2_` varchar(4000) COLLATE utf8_bin DEFAULT NULL,
  PRIMARY KEY (`ID_`),
  KEY `ACT_IDX_VARIABLE_TASK_ID` (`TASK_ID_`),
  KEY `ACT_FK_VAR_EXE` (`EXECUTION_ID_`),
  KEY `ACT_FK_VAR_PROCINST` (`PROC_INST_ID_`),
  KEY `ACT_FK_VAR_BYTEARRAY` (`BYTEARRAY_ID_`),
  CONSTRAINT `ACT_FK_VAR_BYTEARRAY` FOREIGN KEY (`BYTEARRAY_ID_`) REFERENCES `act_ge_bytearray` (`ID_`),
  CONSTRAINT `ACT_FK_VAR_EXE` FOREIGN KEY (`EXECUTION_ID_`) REFERENCES `act_ru_execution` (`ID_`),
  CONSTRAINT `ACT_FK_VAR_PROCINST` FOREIGN KEY (`PROC_INST_ID_`) REFERENCES `act_ru_execution` (`ID_`)
) ENGINE=InnoDB DEFAULT CHARSET=utf8 COLLATE=utf8_bin;

-- ----------------------------
-- Records of act_ru_variable
-- ----------------------------
INSERT INTO `act_ru_variable` VALUES ('85011', '1', 'string', 'applyUserId', '85010', '85010', null, null, null, null, 'uchoice', null);
INSERT INTO `act_ru_variable` VALUES ('85018', '1', 'string', 'reason', '85010', '85010', null, null, null, null, '身体不舒服', null);
INSERT INTO `act_ru_variable` VALUES ('85019', '1', 'string', 'startTime', '85010', '85010', null, null, null, null, '2017-07-09 21:29:21', null);
INSERT INTO `act_ru_variable` VALUES ('85020', '1', 'string', 'endTime', '85010', '85010', null, null, null, null, '2017-07-13 21:29:24', null);
INSERT INTO `act_ru_variable` VALUES ('85021', '1', 'string', 'leaveType', '85010', '85010', null, null, null, null, '公休', null);

-- ----------------------------
-- Table structure for sys_dict
-- ----------------------------
DROP TABLE IF EXISTS `sys_dict`;
CREATE TABLE `sys_dict` (
  `id` varchar(64) COLLATE utf8_bin NOT NULL COMMENT '编号',
  `value` varchar(100) COLLATE utf8_bin NOT NULL COMMENT '数据值',
  `label` varchar(100) COLLATE utf8_bin NOT NULL COMMENT '标签名',
  `type` varchar(100) COLLATE utf8_bin NOT NULL COMMENT '类型',
  `description` varchar(100) COLLATE utf8_bin NOT NULL COMMENT '描述',
  `sort` decimal(10,0) NOT NULL COMMENT '排序（升序）',
  `parent_id` varchar(64) COLLATE utf8_bin DEFAULT '0' COMMENT '父级编号',
  `create_by` varchar(64) COLLATE utf8_bin NOT NULL COMMENT '创建者',
  `create_date` datetime NOT NULL COMMENT '创建时间',
  `update_by` varchar(64) COLLATE utf8_bin NOT NULL COMMENT '更新者',
  `update_date` datetime NOT NULL COMMENT '更新时间',
  `remarks` varchar(255) COLLATE utf8_bin DEFAULT NULL COMMENT '备注信息',
  `del_flag` char(1) COLLATE utf8_bin NOT NULL DEFAULT '0' COMMENT '删除标记',
  PRIMARY KEY (`id`),
  KEY `sys_dict_value` (`value`),
  KEY `sys_dict_label` (`label`),
  KEY `sys_dict_del_flag` (`del_flag`)
) ENGINE=InnoDB DEFAULT CHARSET=utf8 COLLATE=utf8_bin COMMENT='字典表';

-- ----------------------------
-- Records of sys_dict
-- ----------------------------
INSERT INTO `sys_dict` VALUES ('1', '0', '正常', 'del_flag', '删除标记', '10', '0', '1', '2013-05-27 08:00:00', '1', '2013-05-27 08:00:00', null, '0');
INSERT INTO `sys_dict` VALUES ('10', 'yellow', '黄色', 'color', '颜色值', '40', '0', '1', '2013-05-27 08:00:00', '1', '2013-05-27 08:00:00', null, '0');
INSERT INTO `sys_dict` VALUES ('100', 'java.util.Date', 'Date', 'gen_java_type', 'Java类型\0\0', '50', '0', '1', '2013-10-28 08:00:00', '1', '2013-10-28 08:00:00', null, '1');
INSERT INTO `sys_dict` VALUES ('101', 'com.thinkgem.jeesite.modules.sys.entity.User', 'User', 'gen_java_type', 'Java类型\0\0', '60', '0', '1', '2013-10-28 08:00:00', '1', '2013-10-28 08:00:00', null, '1');
INSERT INTO `sys_dict` VALUES ('102', 'com.thinkgem.jeesite.modules.sys.entity.Office', 'Office', 'gen_java_type', 'Java类型\0\0', '70', '0', '1', '2013-10-28 08:00:00', '1', '2013-10-28 08:00:00', null, '1');
INSERT INTO `sys_dict` VALUES ('103', 'com.thinkgem.jeesite.modules.sys.entity.Area', 'Area', 'gen_java_type', 'Java类型\0\0', '80', '0', '1', '2013-10-28 08:00:00', '1', '2013-10-28 08:00:00', null, '1');
INSERT INTO `sys_dict` VALUES ('104', 'Custom', 'Custom', 'gen_java_type', 'Java类型\0\0', '90', '0', '1', '2013-10-28 08:00:00', '1', '2013-10-28 08:00:00', null, '1');
INSERT INTO `sys_dict` VALUES ('105', '1', '会议通告\0\0\0\0', 'oa_notify_type', '通知通告类型', '10', '0', '1', '2013-11-08 08:00:00', '1', '2013-11-08 08:00:00', null, '0');
INSERT INTO `sys_dict` VALUES ('106', '2', '奖惩通告\0\0\0\0', 'oa_notify_type', '通知通告类型', '20', '0', '1', '2013-11-08 08:00:00', '1', '2013-11-08 08:00:00', null, '0');
INSERT INTO `sys_dict` VALUES ('107', '3', '活动通告\0\0\0\0', 'oa_notify_type', '通知通告类型', '30', '0', '1', '2013-11-08 08:00:00', '1', '2013-11-08 08:00:00', null, '0');
INSERT INTO `sys_dict` VALUES ('108', '0', '草稿', 'oa_notify_status', '通知通告状态', '10', '0', '1', '2013-11-08 08:00:00', '1', '2013-11-08 08:00:00', null, '0');
INSERT INTO `sys_dict` VALUES ('109', '1', '发布', 'oa_notify_status', '通知通告状态', '20', '0', '1', '2013-11-08 08:00:00', '1', '2013-11-08 08:00:00', null, '0');
INSERT INTO `sys_dict` VALUES ('11', 'orange', '橙色', 'color', '颜色值', '50', '0', '1', '2013-05-27 08:00:00', '1', '2013-05-27 08:00:00', null, '0');
INSERT INTO `sys_dict` VALUES ('110', '0', '未读', 'oa_notify_read', '通知通告状态', '10', '0', '1', '2013-11-08 08:00:00', '1', '2013-11-08 08:00:00', null, '0');
INSERT INTO `sys_dict` VALUES ('111', '1', '已读', 'oa_notify_read', '通知通告状态', '20', '0', '1', '2013-11-08 08:00:00', '1', '2013-11-08 08:00:00', null, '0');
INSERT INTO `sys_dict` VALUES ('12', 'default', '默认主题', 'theme', '主题方案', '10', '0', '1', '2013-05-27 08:00:00', '1', '2013-05-27 08:00:00', null, '0');
INSERT INTO `sys_dict` VALUES ('13', 'cerulean', '天蓝主题', 'theme', '主题方案', '20', '0', '1', '2013-05-27 08:00:00', '1', '2013-05-27 08:00:00', null, '0');
INSERT INTO `sys_dict` VALUES ('14', 'readable', '橙色主题', 'theme', '主题方案', '30', '0', '1', '2013-05-27 08:00:00', '1', '2013-05-27 08:00:00', null, '0');
INSERT INTO `sys_dict` VALUES ('15', 'united', '红色主题', 'theme', '主题方案', '40', '0', '1', '2013-05-27 08:00:00', '1', '2013-05-27 08:00:00', null, '0');
INSERT INTO `sys_dict` VALUES ('16', 'flat', 'Flat主题', 'theme', '主题方案', '60', '0', '1', '2013-05-27 08:00:00', '1', '2013-05-27 08:00:00', null, '0');
INSERT INTO `sys_dict` VALUES ('17', '1', '国家', 'sys_area_type', '区域类型', '10', '0', '1', '2013-05-27 08:00:00', '1', '2013-05-27 08:00:00', null, '0');
INSERT INTO `sys_dict` VALUES ('18', '2', '省份、直辖市', 'sys_area_type', '区域类型', '20', '0', '1', '2013-05-27 08:00:00', '1', '2013-05-27 08:00:00', null, '0');
INSERT INTO `sys_dict` VALUES ('19', '3', '地市', 'sys_area_type', '区域类型', '30', '0', '1', '2013-05-27 08:00:00', '1', '2013-05-27 08:00:00', null, '0');
INSERT INTO `sys_dict` VALUES ('2', '1', '删除', 'del_flag', '删除标记', '20', '0', '1', '2013-05-27 08:00:00', '1', '2013-05-27 08:00:00', null, '0');
INSERT INTO `sys_dict` VALUES ('20', '4', '区县', 'sys_area_type', '区域类型', '40', '0', '1', '2013-05-27 08:00:00', '1', '2013-05-27 08:00:00', null, '0');
INSERT INTO `sys_dict` VALUES ('21', '1', '公司', 'sys_office_type', '机构类型', '60', '0', '1', '2013-05-27 08:00:00', '1', '2013-05-27 08:00:00', null, '0');
INSERT INTO `sys_dict` VALUES ('22', '2', '部门', 'sys_office_type', '机构类型', '70', '0', '1', '2013-05-27 08:00:00', '1', '2013-05-27 08:00:00', null, '0');
INSERT INTO `sys_dict` VALUES ('23', '3', '小组', 'sys_office_type', '机构类型', '80', '0', '1', '2013-05-27 08:00:00', '1', '2013-05-27 08:00:00', null, '0');
INSERT INTO `sys_dict` VALUES ('24', '4', '其它', 'sys_office_type', '机构类型', '90', '0', '1', '2013-05-27 08:00:00', '1', '2013-05-27 08:00:00', null, '0');
INSERT INTO `sys_dict` VALUES ('25', '1', '综合部', 'sys_office_common', '快捷通用部门', '30', '0', '1', '2013-05-27 08:00:00', '1', '2013-05-27 08:00:00', null, '0');
INSERT INTO `sys_dict` VALUES ('26', '2', '开发部', 'sys_office_common', '快捷通用部门', '40', '0', '1', '2013-05-27 08:00:00', '1', '2013-05-27 08:00:00', null, '0');
INSERT INTO `sys_dict` VALUES ('27', '3', '人力部', 'sys_office_common', '快捷通用部门', '50', '0', '1', '2013-05-27 08:00:00', '1', '2013-05-27 08:00:00', null, '0');
INSERT INTO `sys_dict` VALUES ('28', '1', '一级', 'sys_office_grade', '机构等级', '10', '0', '1', '2013-05-27 08:00:00', '1', '2013-05-27 08:00:00', null, '0');
INSERT INTO `sys_dict` VALUES ('29', '2', '二级', 'sys_office_grade', '机构等级', '20', '0', '1', '2013-05-27 08:00:00', '1', '2013-05-27 08:00:00', null, '0');
INSERT INTO `sys_dict` VALUES ('3', '1', '显示', 'show_hide', '显示/隐藏', '10', '0', '1', '2013-05-27 08:00:00', '1', '2013-05-27 08:00:00', null, '0');
INSERT INTO `sys_dict` VALUES ('30', '3', '三级', 'sys_office_grade', '机构等级', '30', '0', '1', '2013-05-27 08:00:00', '1', '2013-05-27 08:00:00', null, '0');
INSERT INTO `sys_dict` VALUES ('31', '4', '四级', 'sys_office_grade', '机构等级', '40', '0', '1', '2013-05-27 08:00:00', '1', '2013-05-27 08:00:00', null, '0');
INSERT INTO `sys_dict` VALUES ('32', '1', '所有数据', 'sys_data_scope', '数据范围', '10', '0', '1', '2013-05-27 08:00:00', '1', '2013-05-27 08:00:00', null, '0');
INSERT INTO `sys_dict` VALUES ('33', '2', '所在公司及以下数据', 'sys_data_scope', '数据范围', '20', '0', '1', '2013-05-27 08:00:00', '1', '2013-05-27 08:00:00', null, '0');
INSERT INTO `sys_dict` VALUES ('34', '3', '所在公司数据', 'sys_data_scope', '数据范围', '30', '0', '1', '2013-05-27 08:00:00', '1', '2013-05-27 08:00:00', null, '0');
INSERT INTO `sys_dict` VALUES ('35', '4', '所在部门及以下数据', 'sys_data_scope', '数据范围', '40', '0', '1', '2013-05-27 08:00:00', '1', '2013-05-27 08:00:00', null, '0');
INSERT INTO `sys_dict` VALUES ('36', '5', '所在部门数据', 'sys_data_scope', '数据范围', '50', '0', '1', '2013-05-27 08:00:00', '1', '2013-05-27 08:00:00', null, '0');
INSERT INTO `sys_dict` VALUES ('37', '8', '仅本人数据', 'sys_data_scope', '数据范围', '90', '0', '1', '2013-05-27 08:00:00', '1', '2013-05-27 08:00:00', null, '0');
INSERT INTO `sys_dict` VALUES ('38', '9', '按明细设置', 'sys_data_scope', '数据范围', '100', '0', '1', '2013-05-27 08:00:00', '1', '2013-05-27 08:00:00', null, '0');
INSERT INTO `sys_dict` VALUES ('39', '1', '系统管理', 'sys_user_type', '用户类型', '10', '0', '1', '2013-05-27 08:00:00', '1', '2013-05-27 08:00:00', null, '0');
INSERT INTO `sys_dict` VALUES ('4', '0', '隐藏', 'show_hide', '显示/隐藏', '20', '0', '1', '2013-05-27 08:00:00', '1', '2013-05-27 08:00:00', null, '0');
INSERT INTO `sys_dict` VALUES ('40', '2', '部门经理', 'sys_user_type', '用户类型', '20', '0', '1', '2013-05-27 08:00:00', '1', '2013-05-27 08:00:00', null, '0');
INSERT INTO `sys_dict` VALUES ('41', '3', '普通用户', 'sys_user_type', '用户类型', '30', '0', '1', '2013-05-27 08:00:00', '1', '2013-05-27 08:00:00', null, '0');
INSERT INTO `sys_dict` VALUES ('42', 'basic', '基础主题', 'cms_theme', '站点主题', '10', '0', '1', '2013-05-27 08:00:00', '1', '2013-05-27 08:00:00', null, '0');
INSERT INTO `sys_dict` VALUES ('43', 'blue', '蓝色主题', 'cms_theme', '站点主题', '20', '0', '1', '2013-05-27 08:00:00', '1', '2013-05-27 08:00:00', null, '1');
INSERT INTO `sys_dict` VALUES ('44', 'red', '红色主题', 'cms_theme', '站点主题', '30', '0', '1', '2013-05-27 08:00:00', '1', '2013-05-27 08:00:00', null, '1');
INSERT INTO `sys_dict` VALUES ('45', 'article', '文章模型', 'cms_module', '栏目模型', '10', '0', '1', '2013-05-27 08:00:00', '1', '2013-05-27 08:00:00', null, '0');
INSERT INTO `sys_dict` VALUES ('46', 'picture', '图片模型', 'cms_module', '栏目模型', '20', '0', '1', '2013-05-27 08:00:00', '1', '2013-05-27 08:00:00', null, '1');
INSERT INTO `sys_dict` VALUES ('47', 'download', '下载模型', 'cms_module', '栏目模型', '30', '0', '1', '2013-05-27 08:00:00', '1', '2013-05-27 08:00:00', null, '1');
INSERT INTO `sys_dict` VALUES ('48', 'link', '链接模型', 'cms_module', '栏目模型', '40', '0', '1', '2013-05-27 08:00:00', '1', '2013-05-27 08:00:00', null, '0');
INSERT INTO `sys_dict` VALUES ('49', 'special', '专题模型', 'cms_module', '栏目模型', '50', '0', '1', '2013-05-27 08:00:00', '1', '2013-05-27 08:00:00', null, '1');
INSERT INTO `sys_dict` VALUES ('5', '1', '是', 'yes_no', '是/否', '10', '0', '1', '2013-05-27 08:00:00', '1', '2013-05-27 08:00:00', null, '0');
INSERT INTO `sys_dict` VALUES ('50', '0', '默认展现方式', 'cms_show_modes', '展现方式', '10', '0', '1', '2013-05-27 08:00:00', '1', '2013-05-27 08:00:00', null, '0');
INSERT INTO `sys_dict` VALUES ('51', '1', '首栏目内容列表', 'cms_show_modes', '展现方式', '20', '0', '1', '2013-05-27 08:00:00', '1', '2013-05-27 08:00:00', null, '0');
INSERT INTO `sys_dict` VALUES ('52', '2', '栏目第一条内容', 'cms_show_modes', '展现方式', '30', '0', '1', '2013-05-27 08:00:00', '1', '2013-05-27 08:00:00', null, '0');
INSERT INTO `sys_dict` VALUES ('53', '0', '发布', 'cms_del_flag', '内容状态', '10', '0', '1', '2013-05-27 08:00:00', '1', '2013-05-27 08:00:00', null, '0');
INSERT INTO `sys_dict` VALUES ('54', '1', '删除', 'cms_del_flag', '内容状态', '20', '0', '1', '2013-05-27 08:00:00', '1', '2013-05-27 08:00:00', null, '0');
INSERT INTO `sys_dict` VALUES ('55', '2', '审核', 'cms_del_flag', '内容状态', '15', '0', '1', '2013-05-27 08:00:00', '1', '2013-05-27 08:00:00', null, '0');
INSERT INTO `sys_dict` VALUES ('56', '1', '首页焦点图', 'cms_posid', '推荐位', '10', '0', '1', '2013-05-27 08:00:00', '1', '2013-05-27 08:00:00', null, '0');
INSERT INTO `sys_dict` VALUES ('57', '2', '栏目页文章推荐', 'cms_posid', '推荐位', '20', '0', '1', '2013-05-27 08:00:00', '1', '2013-05-27 08:00:00', null, '0');
INSERT INTO `sys_dict` VALUES ('58', '1', '咨询', 'cms_guestbook', '留言板分类', '10', '0', '1', '2013-05-27 08:00:00', '1', '2013-05-27 08:00:00', null, '0');
INSERT INTO `sys_dict` VALUES ('59', '2', '建议', 'cms_guestbook', '留言板分类', '20', '0', '1', '2013-05-27 08:00:00', '1', '2013-05-27 08:00:00', null, '0');
INSERT INTO `sys_dict` VALUES ('6', '0', '否', 'yes_no', '是/否', '20', '0', '1', '2013-05-27 08:00:00', '1', '2013-05-27 08:00:00', null, '0');
INSERT INTO `sys_dict` VALUES ('60', '3', '投诉', 'cms_guestbook', '留言板分类', '30', '0', '1', '2013-05-27 08:00:00', '1', '2013-05-27 08:00:00', null, '0');
INSERT INTO `sys_dict` VALUES ('61', '4', '其它', 'cms_guestbook', '留言板分类', '40', '0', '1', '2013-05-27 08:00:00', '1', '2013-05-27 08:00:00', null, '0');
INSERT INTO `sys_dict` VALUES ('62', '1', '公休', 'oa_leave_type', '请假类型', '10', '0', '1', '2013-05-27 08:00:00', '1', '2013-05-27 08:00:00', null, '0');
INSERT INTO `sys_dict` VALUES ('63', '2', '病假', 'oa_leave_type', '请假类型', '20', '0', '1', '2013-05-27 08:00:00', '1', '2013-05-27 08:00:00', null, '0');
INSERT INTO `sys_dict` VALUES ('64', '3', '事假', 'oa_leave_type', '请假类型', '30', '0', '1', '2013-05-27 08:00:00', '1', '2013-05-27 08:00:00', null, '0');
INSERT INTO `sys_dict` VALUES ('65', '4', '调休', 'oa_leave_type', '请假类型', '40', '0', '1', '2013-05-27 08:00:00', '1', '2013-05-27 08:00:00', null, '0');
INSERT INTO `sys_dict` VALUES ('66', '5', '婚假', 'oa_leave_type', '请假类型', '60', '0', '1', '2013-05-27 08:00:00', '1', '2013-05-27 08:00:00', null, '0');
INSERT INTO `sys_dict` VALUES ('67', '1', '接入日志', 'sys_log_type', '日志类型', '30', '0', '1', '2013-06-03 08:00:00', '1', '2013-06-03 08:00:00', null, '0');
INSERT INTO `sys_dict` VALUES ('68', '2', '异常日志', 'sys_log_type', '日志类型', '40', '0', '1', '2013-06-03 08:00:00', '1', '2013-06-03 08:00:00', null, '0');
INSERT INTO `sys_dict` VALUES ('69', 'leave', '请假流程', 'act_type', '流程类型', '10', '0', '1', '2013-06-03 08:00:00', '1', '2013-06-03 08:00:00', null, '0');
INSERT INTO `sys_dict` VALUES ('7', 'red', '红色', 'color', '颜色值', '10', '0', '1', '2013-05-27 08:00:00', '1', '2013-05-27 08:00:00', null, '0');
INSERT INTO `sys_dict` VALUES ('70', 'test_audit', '审批测试流程', 'act_type', '流程类型', '20', '0', '1', '2013-06-03 08:00:00', '1', '2013-06-03 08:00:00', null, '0');
INSERT INTO `sys_dict` VALUES ('71', '1', '分类1', 'act_category', '流程分类', '10', '0', '1', '2013-06-03 08:00:00', '1', '2013-06-03 08:00:00', null, '0');
INSERT INTO `sys_dict` VALUES ('72', '2', '分类2', 'act_category', '流程分类', '20', '0', '1', '2013-06-03 08:00:00', '1', '2013-06-03 08:00:00', null, '0');
INSERT INTO `sys_dict` VALUES ('73', 'crud', '增删改查', 'gen_category', '代码生成分类', '10', '0', '1', '2013-10-28 08:00:00', '1', '2013-10-28 08:00:00', null, '1');
INSERT INTO `sys_dict` VALUES ('74', 'crud_many', '增删改查（包含从表）', 'gen_category', '代码生成分类', '20', '0', '1', '2013-10-28 08:00:00', '1', '2013-10-28 08:00:00', null, '1');
INSERT INTO `sys_dict` VALUES ('75', 'tree', '树结构', 'gen_category', '代码生成分类', '30', '0', '1', '2013-10-28 08:00:00', '1', '2013-10-28 08:00:00', null, '1');
INSERT INTO `sys_dict` VALUES ('76', '=', '=', 'gen_query_type', '查询方式', '10', '0', '1', '2013-10-28 08:00:00', '1', '2013-10-28 08:00:00', null, '1');
INSERT INTO `sys_dict` VALUES ('77', '!=', '!=', 'gen_query_type', '查询方式', '20', '0', '1', '2013-10-28 08:00:00', '1', '2013-10-28 08:00:00', null, '1');
INSERT INTO `sys_dict` VALUES ('78', '&gt;', '&gt;', 'gen_query_type', '查询方式', '30', '0', '1', '2013-10-28 08:00:00', '1', '2013-10-28 08:00:00', null, '1');
INSERT INTO `sys_dict` VALUES ('79', '&lt;', '&lt;', 'gen_query_type', '查询方式', '40', '0', '1', '2013-10-28 08:00:00', '1', '2013-10-28 08:00:00', null, '1');
INSERT INTO `sys_dict` VALUES ('8', 'green', '绿色', 'color', '颜色值', '20', '0', '1', '2013-05-27 08:00:00', '1', '2013-05-27 08:00:00', null, '0');
INSERT INTO `sys_dict` VALUES ('80', 'between', 'Between', 'gen_query_type', '查询方式', '50', '0', '1', '2013-10-28 08:00:00', '1', '2013-10-28 08:00:00', null, '1');
INSERT INTO `sys_dict` VALUES ('81', 'like', 'Like', 'gen_query_type', '查询方式', '60', '0', '1', '2013-10-28 08:00:00', '1', '2013-10-28 08:00:00', null, '1');
INSERT INTO `sys_dict` VALUES ('82', 'left_like', 'Left Like', 'gen_query_type', '查询方式', '70', '0', '1', '2013-10-28 08:00:00', '1', '2013-10-28 08:00:00', null, '1');
INSERT INTO `sys_dict` VALUES ('83', 'right_like', 'Right Like', 'gen_query_type', '查询方式', '80', '0', '1', '2013-10-28 08:00:00', '1', '2013-10-28 08:00:00', null, '1');
INSERT INTO `sys_dict` VALUES ('84', 'input', '文本框', 'gen_show_type', '字段生成方案', '10', '0', '1', '2013-10-28 08:00:00', '1', '2013-10-28 08:00:00', null, '1');
INSERT INTO `sys_dict` VALUES ('85', 'textarea', '文本域', 'gen_show_type', '字段生成方案', '20', '0', '1', '2013-10-28 08:00:00', '1', '2013-10-28 08:00:00', null, '1');
INSERT INTO `sys_dict` VALUES ('86', 'select', '下拉框', 'gen_show_type', '字段生成方案', '30', '0', '1', '2013-10-28 08:00:00', '1', '2013-10-28 08:00:00', null, '1');
INSERT INTO `sys_dict` VALUES ('87', 'checkbox', '复选框', 'gen_show_type', '字段生成方案', '40', '0', '1', '2013-10-28 08:00:00', '1', '2013-10-28 08:00:00', null, '1');
INSERT INTO `sys_dict` VALUES ('88', 'radiobox', '单选框', 'gen_show_type', '字段生成方案', '50', '0', '1', '2013-10-28 08:00:00', '1', '2013-10-28 08:00:00', null, '1');
INSERT INTO `sys_dict` VALUES ('89', 'dateselect', '日期选择', 'gen_show_type', '字段生成方案', '60', '0', '1', '2013-10-28 08:00:00', '1', '2013-10-28 08:00:00', null, '1');
INSERT INTO `sys_dict` VALUES ('9', 'blue', '蓝色', 'color', '颜色值', '30', '0', '1', '2013-05-27 08:00:00', '1', '2013-05-27 08:00:00', null, '0');
INSERT INTO `sys_dict` VALUES ('90', 'userselect', '人员选择\0', 'gen_show_type', '字段生成方案', '70', '0', '1', '2013-10-28 08:00:00', '1', '2013-10-28 08:00:00', null, '1');
INSERT INTO `sys_dict` VALUES ('91', 'officeselect', '部门选择', 'gen_show_type', '字段生成方案', '80', '0', '1', '2013-10-28 08:00:00', '1', '2013-10-28 08:00:00', null, '1');
INSERT INTO `sys_dict` VALUES ('92', 'areaselect', '区域选择', 'gen_show_type', '字段生成方案', '90', '0', '1', '2013-10-28 08:00:00', '1', '2013-10-28 08:00:00', null, '1');
INSERT INTO `sys_dict` VALUES ('93', 'String', 'String', 'gen_java_type', 'Java类型', '10', '0', '1', '2013-10-28 08:00:00', '1', '2013-10-28 08:00:00', null, '1');
INSERT INTO `sys_dict` VALUES ('94', 'Long', 'Long', 'gen_java_type', 'Java类型', '20', '0', '1', '2013-10-28 08:00:00', '1', '2013-10-28 08:00:00', null, '1');
INSERT INTO `sys_dict` VALUES ('95', 'dao', '仅持久层', 'gen_category', '代码生成分类\0\0\0\0\0\0', '40', '0', '1', '2013-10-28 08:00:00', '1', '2013-10-28 08:00:00', null, '1');
INSERT INTO `sys_dict` VALUES ('96', '1', '男', 'sex', '性别', '10', '0', '1', '2013-10-28 08:00:00', '1', '2013-10-28 08:00:00', null, '0');
INSERT INTO `sys_dict` VALUES ('97', '2', '女', 'sex', '性别', '20', '0', '1', '2013-10-28 08:00:00', '1', '2013-10-28 08:00:00', null, '0');
INSERT INTO `sys_dict` VALUES ('98', 'Integer', 'Integer', 'gen_java_type', 'Java类型\0\0', '30', '0', '1', '2013-10-28 08:00:00', '1', '2013-10-28 08:00:00', null, '1');
INSERT INTO `sys_dict` VALUES ('99', 'Double', 'Double', 'gen_java_type', 'Java类型\0\0', '40', '0', '1', '2013-10-28 08:00:00', '1', '2013-10-28 08:00:00', null, '1');

-- ----------------------------
-- Table structure for sys_menu
-- ----------------------------
DROP TABLE IF EXISTS `sys_menu`;
CREATE TABLE `sys_menu` (
  `id` varchar(32) COLLATE utf8_bin NOT NULL COMMENT '编号',
  `parent_id` varchar(64) COLLATE utf8_bin NOT NULL COMMENT '父级编号',
  `parent_ids` varchar(2000) COLLATE utf8_bin NOT NULL COMMENT '所有父级编号',
  `name` varchar(100) COLLATE utf8_bin NOT NULL COMMENT '名称',
  `sort` decimal(10,0) NOT NULL COMMENT '排序',
  `href` varchar(2000) COLLATE utf8_bin DEFAULT NULL COMMENT '链接',
  `target` varchar(20) COLLATE utf8_bin DEFAULT NULL COMMENT '目标',
  `icon` varchar(100) COLLATE utf8_bin DEFAULT NULL COMMENT '图标',
  `is_show` char(1) COLLATE utf8_bin NOT NULL COMMENT '是否在菜单中显示',
  `permission` varchar(200) COLLATE utf8_bin DEFAULT NULL COMMENT '权限标识',
  `create_by` varchar(64) COLLATE utf8_bin NOT NULL COMMENT '创建者',
  `create_date` datetime NOT NULL COMMENT '创建时间',
  `update_by` varchar(64) COLLATE utf8_bin NOT NULL COMMENT '更新者',
  `update_date` datetime NOT NULL COMMENT '更新时间',
  `remarks` varchar(255) COLLATE utf8_bin DEFAULT NULL COMMENT '备注信息',
  `del_flag` char(1) COLLATE utf8_bin NOT NULL DEFAULT '0' COMMENT '删除标记',
  PRIMARY KEY (`id`),
  KEY `sys_menu_parent_id` (`parent_id`),
  KEY `sys_menu_del_flag` (`del_flag`)
) ENGINE=InnoDB DEFAULT CHARSET=utf8 COLLATE=utf8_bin COMMENT='菜单表';

-- ----------------------------
-- Records of sys_menu
-- ----------------------------
INSERT INTO `sys_menu` VALUES ('1', '0', '0,', '功能菜单', '0', null, null, null, '1', null, '1', '2013-05-27 08:00:00', '1', '2013-05-27 08:00:00', null, '0');
INSERT INTO `sys_menu` VALUES ('110', '63', '0,1,62,63,', '运行中流程', '300', '/management/process/running/list', null, 'leaf', '0', null, '1', '2013-05-27 08:00:00', '1', '2013-05-27 08:00:00', null, '0');
INSERT INTO `sys_menu` VALUES ('27', '1', '0,1,', '工作流', '100', null, null, null, '1', null, '1', '2013-05-27 08:00:00', '1', '2013-05-27 08:00:00', null, '0');
INSERT INTO `sys_menu` VALUES ('28', '27', '0,1,27,', '工作流', '30', null, null, null, '1', null, '1', '2013-05-27 08:00:00', '1', '2013-05-27 08:00:00', null, '0');
INSERT INTO `sys_menu` VALUES ('29', '28', '0,1,27,28,', '流程列表', '30', '/workflow/process/useable/list', null, 'user', '1', null, '1', '2013-05-27 08:00:00', '1', '2013-05-27 08:00:00', null, '0');
INSERT INTO `sys_menu` VALUES ('30', '28', '0,1,27,28,', '待办任务', '20', '/workflow/task/todo/list', null, 'lock', '1', null, '1', '2013-05-27 08:00:00', '1', '2013-05-27 08:00:00', null, '0');
INSERT INTO `sys_menu` VALUES ('31', '28', '0,1,27,28,', '所有任务', '25', '/workflow/task/all/list', null, 'lock', '1', null, '1', '2013-05-27 08:00:00', '1', '2013-05-27 08:00:00', null, '0');
INSERT INTO `sys_menu` VALUES ('32', '28', '0,1,27,28,', '历史流程', '30', '/workflow/process/history/list', null, 'user', '1', null, '1', '2013-05-27 08:00:00', '1', '2013-05-27 08:00:00', null, '0');
INSERT INTO `sys_menu` VALUES ('56', '71', '0,1,27,71,', '流程代办', '90', '/activiti/actDelegate/', null, 'folder-open', '1', null, '1', '2013-05-27 08:00:00', '1', '2013-05-27 08:00:00', null, '0');
INSERT INTO `sys_menu` VALUES ('57', '56', '0,1,27,40,56,', '查看', '30', null, null, null, '0', 'cms:ckfinder:view', '1', '2013-05-27 08:00:00', '1', '2013-05-27 08:00:00', null, '0');
INSERT INTO `sys_menu` VALUES ('58', '56', '0,1,27,40,56,', '上传', '40', null, null, null, '0', 'cms:ckfinder:upload', '1', '2013-05-27 08:00:00', '1', '2013-05-27 08:00:00', null, '0');
INSERT INTO `sys_menu` VALUES ('59', '56', '0,1,27,40,56,', '修改', '50', null, null, null, '0', 'cms:ckfinder:edit', '1', '2013-05-27 08:00:00', '1', '2013-05-27 08:00:00', null, '0');
INSERT INTO `sys_menu` VALUES ('62', '1', '0,1,', '管理模块', '200', null, null, null, '1', null, '1', '2013-05-27 08:00:00', '1', '2013-05-27 08:00:00', null, '0');
INSERT INTO `sys_menu` VALUES ('63', '62', '0,1,62,', '流程管理', '30', null, null, null, '1', null, '1', '2013-05-27 08:00:00', '1', '2013-05-27 08:00:00', null, '0');
INSERT INTO `sys_menu` VALUES ('64', '63', '0,1,62,63,', '流程任务', '200', '/management/history/task/list', null, 'leaf', '0', null, '1', '2013-05-27 08:00:00', '1', '2013-05-27 08:00:00', null, '0');
INSERT INTO `sys_menu` VALUES ('65', '64', '0,1,62,63,64,', '查看', '30', null, null, null, '0', 'oa:leave:view', '1', '2013-05-27 08:00:00', '1', '2013-05-27 08:00:00', null, '0');
INSERT INTO `sys_menu` VALUES ('66', '64', '0,1,62,63,64,', '修改', '40', null, null, null, '0', 'oa:leave:edit', '1', '2013-05-27 08:00:00', '1', '2013-05-27 08:00:00', null, '0');
INSERT INTO `sys_menu` VALUES ('69', '62', '0,1,62,', '流程管理', '300', null, null, null, '1', null, '1', '2013-05-27 08:00:00', '1', '2013-05-27 08:00:00', null, '0');
INSERT INTO `sys_menu` VALUES ('70', '69', '0,1,62,69,', '流程表单', '50', '/activiti/actForm/', null, 'road', '1', 'act:process:edit', '1', '2013-05-27 08:00:00', '1', '2013-05-27 08:00:00', null, '0');
INSERT INTO `sys_menu` VALUES ('71', '27', '0,1,27,', '流程代理', '90', null, null, null, '1', null, '1', '2013-05-27 08:00:00', '1', '2013-05-27 08:00:00', null, '0');
INSERT INTO `sys_menu` VALUES ('73', '63', '0,1,62,63,', '流程实例', '120', '/management/history/process/list', null, 'tasks', '1', null, '1', '2013-09-24 08:00:00', '1', '2013-09-24 08:00:00', null, '0');
INSERT INTO `sys_menu` VALUES ('74', '63', '0,1,62,63,', '流程定义', '100', '/management/process/defined/list', null, null, '1', 'oa:testAudit:view,oa:testAudit:edit', '1', '2013-09-24 08:00:00', '1', '2013-09-24 08:00:00', null, '0');
INSERT INTO `sys_menu` VALUES ('88', '62', '0,1,62,', '模型管理', '20', '', '', '', '1', '', '1', '2013-11-08 08:00:00', '1', '2013-11-08 08:00:00', null, '0');
INSERT INTO `sys_menu` VALUES ('89', '88', '0,1,62,88,', '模型管理', '30', '/management/model/list', '', '', '1', '', '1', '2013-11-08 08:00:00', '1', '2013-11-08 08:00:00', null, '0');
INSERT INTO `sys_menu` VALUES ('90', '62', '0,1,62,', '用户与组', '10', '', '', '', '1', '', '1', '2013-11-08 08:00:00', '1', '2013-11-08 08:00:00', null, '0');
INSERT INTO `sys_menu` VALUES ('91', '90', '0,1,62,90', '用户管理', '20', '/management/identity/user/list', '', '', '1', '', '1', '2013-11-08 08:00:00', '1', '2013-11-08 08:00:00', null, '0');
INSERT INTO `sys_menu` VALUES ('92', '90', '0,1,62,90', '组管理', '30', '/management/identity/group/list', '', '', '1', '', '1', '2013-11-08 08:00:00', '1', '2013-11-08 08:00:00', null, '0');
